Condition_ID,Mercado,Lado,Tipo,Traders_Coincidentes,Capital_Visible_USD,Precio_Entrada_Promedio,Precio_Actual_Promedio,Ranking_Mejor,Calidad_Ranking,Peso_Lado,Traders,Peso_Total_Mercado,Capital_Total_Mercado,Traders_Totales_Mercado,Consenso_Neto,Oposicion_Peso,Oposicion_Capital_USD,WCI,Consenso_Porcentaje,Advertencia
0x4580509bd2130de97dc14a002359a70c9ff04d7dc6e637d28d58d1a1d3488ca3,Hamburg European Open: Katarzyna Kawa vs Paula Badosa,Paula Badosa,Direccional,3,43982.7727,0.5839333333333333,0.635,1,0.7666666666666666,207.52881584511198,"Wallet 0x076d...8d4c, Wallet 0x2c33...0563, swisstony",207.52881584511198,43982.7727,3,1.0,0.0,0.0,69.8,100.0,
0x0bbc63372aaf0867db23fc361b4e37f7d3125c7acef6cc8e2d5ce40f65b7e523,Boston Red Sox vs. New York Yankees,New York Yankees,Direccional,2,15232.4334,0.49495,0.495,3,0.875,126.74687823386088,"RN1, Wallet 0x2c33...0563",126.74687823386088,15232.4334,2,1.0,0.0,0.0,64.0,100.0,
0xa6f18041a9e4db4936e9da82108169296ade7b2d7c9f0bcf2aec7402db9bfd3b,Baltimore Orioles vs. Boston Red Sox,Boston Red Sox,Direccional,2,756.6574,0.55045,0.555,3,0.875,33.80806274026786,"RN1, Wallet 0x2c33...0563",33.80806274026786,756.6574,2,1.0,0.0,0.0,63.2,100.0,
0xfc20e326d52c24e220a020d6e64a239707b06936e3a5a6c52f559ffab77bba35,Hamburg European Open: Tessa Brockmann vs Elsa Jacquemot,Tessa Brockmann,Direccional,2,13293.1514,0.3483,0.385,1,1.0,148.70354459886087,"RN1, swisstony",189.15740597203512,14929.6663,3,0.7861365186031631,40.45386137317425,1636.5149000000001,62.9,78.6,
0xeaa7e7c6011f5b8196ef0a0180c9f388d37bf5c35f043ed1a2b6a264ffc992d4,Spread: SE Palmeiras (-1.5),Coritiba FBC,Direccional,2,1889.7394,0.75135,0.745,1,0.775,42.909671414927274,"Wallet 0x076d...8d4c, swisstony",42.909671414927274,1889.7394,2,1.0,0.0,0.0,62.4,100.0,
0xfc81f849ae77be28286d8689a4b25e901fa7e18a874d996d03f72a7cdcdd624a,Will Shanghai Shenhua FC vs. Beijing Guoan FC end in a draw?,No,Direccional,2,695.3881,0.76495,0.825,1,0.775,26.640912109705837,"Wallet 0x076d...8d4c, swisstony",26.640912109705837,695.3881,2,1.0,0.0,0.0,61.1,100.0,Revisar reglas: un pick NO puede incluir empate o una resolución distinta a clasificación.
0xae405ffe93473dbd0f9628bbe437c39cec0842a20ce556452b9c1545d4cd9a6e,ITF Bacau: Robert Guna vs Vladislav Melnic,Robert Guna,Direccional,2,660.8321,0.7339,0.89,3,0.775,28.40057218854134,"RN1, Wallet 0x076d...8d4c",28.40057218854134,660.8321,2,1.0,0.0,0.0,61.1,100.0,
0x6fefc0438c7598b23531457c8c60541990d0786bd4bd9dfc3eabc8d95c291092,"Will Bitcoin reach $250,000 by December 31, 2026?",No,Direccional,2,73684.7681,0.95875,0.9855,30,0.47500000000000003,159.01239512834536,"geniusMC, ndb1",159.01239512834536,73684.7681,2,1.0,0.0,0.0,60.9,100.0,Revisar reglas: un pick NO puede incluir empate o una resolución distinta a clasificación.
0x70a8a51ea6d7eba6d0350a062f1a6451d38fccc137bc1e8f7eb77cffd5ba8e4b,Will Seattle Sounders FC win on 2026-07-22?,No,Direccional,2,367.923,0.5418000000000001,0.545,1,0.775,19.30487925051535,"Wallet 0x076d...8d4c, swisstony",19.30487925051535,367.923,2,1.0,0.0,0.0,60.3,100.0,Revisar reglas: un pick NO puede incluir empate o una resolución distinta a clasificación.
0x055ae2ce1a9d54d1230b0ec51a3ba2c872544209e3dcc98d38fa2b0453fa278f,Will PFK Levski Sofia win on 2026-07-22?,Yes,Direccional,2,22980.4842,0.43655,0.475,3,0.775,108.60518791153338,"RN1, Wallet 0x076d...8d4c",148.8880188355139,28344.803099999997,3,0.7294420918550637,40.28283092398051,5364.318899999998,57.3,72.9,
0xf330a9c9053053882f094c3cd3dd63984f7a6a32ca94a933eb0094fce730b788,Livesport Prague Open: Marie Bouzkova vs Carol Young Suh Lee,Marie Bouzkova,Direccional,2,2167.5987999999998,0.79495,0.835,1,0.775,53.12578593277077,"Wallet 0x076d...8d4c, swisstony",80.71163556623321,2928.5778999999998,3,0.6582171896290583,27.585849633462445,760.9791,52.3,65.8,
0x4b1205f15acbe056307f5fc5d6022808f0a2a10f67a3f61cbb59edd821cc823a,Will Viking FK win on 2026-05-30?,No,Direccional,2,389.6598,0.55495,0.5675,1,0.775,22.437521726866716,"Wallet 0x076d...8d4c, swisstony",40.77149020071329,725.7942,3,0.5503238075530086,18.33396847384657,336.1344,46.9,55.0,Revisar reglas: un pick NO puede incluir empate o una resolución distinta a clasificación.
0x16c63b7cc37f012b9f59ee164ec03877914c701d06d48291ae8d6fc08a088b0d,"2026 Balance of Power: D Senate, D House",No,Direccional,1,4521461.193,0.5,0.5649,13,0.75,1594.7795838492855,Wallet 0x2c33...0563,2994.2364213468736,8003202.4197,2,0.5326164535571037,1399.4568374975881,3481741.2267000005,45.0,53.3,Revisar reglas: un pick NO puede incluir empate o una resolución distinta a clasificación.
0x16c63b7cc37f012b9f59ee164ec03877914c701d06d48291ae8d6fc08a088b0d,"2026 Balance of Power: D Senate, D House",Yes,Direccional,1,3481741.2267,0.5,0.435,13,0.75,1399.456837497588,Wallet 0x2c33...0563,2994.2364213468736,8003202.4197,2,0.46738354644289626,1594.7795838492857,4521461.193,45.0,46.7,
0x86bfb53af7250a40928975c551d12c185b762fa4ce0b40c6a64a50c946d72587,Will the Republican Party control the Senate after the 2026 Midterm elections?,Yes,Direccional,1,1054500.0,0.5,0.555,30,0.55,564.7886772944373,ndb1,1070.5195840027382,1900000.0,2,0.527583694622996,505.73090670830084,845500.0,45.0,52.8,
0x86bfb53af7250a40928975c551d12c185b762fa4ce0b40c6a64a50c946d72587,Will the Republican Party control the Senate after the 2026 Midterm elections?,No,Direccional,1,845500.0,0.5,0.445,30,0.55,505.73090670830084,ndb1,1070.5195840027382,1900000.0,2,0.472416305377004,564.7886772944373,1054500.0,45.0,47.2,Revisar reglas: un pick NO puede incluir empate o una resolución distinta a clasificación.
0x86e8f678e6cebb9596ffbb5a736b2ff9f36b12905d5b65b1556329c28533c7a1,Will Manchester City win the 2026-27 English Premier League (EPL) Championship?,No,Direccional,1,201938.6409,0.7,0.705,30,0.55,247.15670913865563,ndb1,247.15670913865563,201938.6409,1,1.0,0.0,0.0,45.0,100.0,Revisar reglas: un pick NO puede incluir empate o una resolución distinta a clasificación.
0x26f410f7518fa199678ef57f02637fc88be9b3b593346b00946d7ea451f4521b,Will Ousmane Dembélé win the 2026 Ballon d'Or?,No,Direccional,1,86885.9428,0.9568,0.9835,30,0.55,162.12031858160162,ndb1,162.12031858160162,86885.9428,1,1.0,0.0,0.0,45.0,100.0,Revisar reglas: un pick NO puede incluir empate o una resolución distinta a clasificación.
0x18076e7d0f58a52d3d4f311d0456306edf16d1873cf5eef27d3ff044153e9576,"Bitcoin all time high by December 31, 2026?",No,Direccional,1,85024.7197,0.8565,0.944,30,0.55,160.37449207791744,ndb1,160.37449207791744,85024.7197,1,1.0,0.0,0.0,45.0,100.0,Revisar reglas: un pick NO puede incluir empate o una resolución distinta a clasificación.
0x02deb9538f5c123373adaa4ee6217b01745f1662bc902e46ac92f3fe6f8741e8,"Will Bitcoin hit $150k by December 31, 2026?",No,Direccional,1,82336.9287,0.9038,0.9615,30,0.55,157.8192666683951,ndb1,157.8192666683951,82336.9287,1,1.0,0.0,0.0,45.0,100.0,Revisar reglas: un pick NO puede incluir empate o una resolución distinta a clasificación.
0xa4ddc18895cc7b14810283ef8f113939abffd3969c6a0e37f1897110c67e6f73,Hantavirus pandemic in 2026?,No,Direccional,1,80648.6548,0.9119,0.9675,15,0.75,212.9903010115719,Wallet 0x006c...16ea,212.9903010115719,80648.6548,1,1.0,0.0,0.0,45.0,100.0,Revisar reglas: un pick NO puede incluir empate o una resolución distinta a clasificación.
0xc0b7319f73f248310b059c231fb069e64dbd68ca81dd9933728ca192b54c3cc4,Will Trump be in the WC Champions Photo?,Yes,Direccional,1,63364.353,0.8967,0.9985,13,0.75,188.7920775946385,Wallet 0x2c33...0563,188.7920775946385,63364.353,1,1.0,0.0,0.0,45.0,100.0,
0x472c9035786b390c08e674fc60bddda488957e1b8aecad3f5480cc531a0754b0,"Will Bitcoin reach $160,000 by December 31, 2026?",No,Direccional,1,41822.468,0.9449,0.9715,30,0.55,112.47798260104065,ndb1,112.47798260104065,41822.468,1,1.0,0.0,0.0,45.0,100.0,Revisar reglas: un pick NO puede incluir empate o una resolución distinta a clasificación.
0x6123b5cc75c38ba9783f6c8ea260107b546c7d3454a8f9b5280c9921cc39f3d9,"Bitcoin all time high by September 30, 2026?",No,Direccional,1,35403.0939,0.9574,0.9835,30,0.55,103.48640444401381,ndb1,103.48640444401381,35403.0939,1,1.0,0.0,0.0,45.0,100.0,Revisar reglas: un pick NO puede incluir empate o una resolución distinta a clasificación.
0xac32e73aa9e0dae801d88d4f81efd2ef3fa0f04b815f3a0e74426f0762e668cd,"Will Bitcoin reach $200,000 by December 31, 2026?",No,Direccional,1,30212.7839,0.9656,0.9785,30,0.55,95.60003728948018,ndb1,95.60003728948018,30212.7839,1,1.0,0.0,0.0,45.0,100.0,Revisar reglas: un pick NO puede incluir empate o una resolución distinta a clasificación.
0xe71b9d788ce662d967ff2c90749ff8b26cee290455ef6cb84f33d1393ffae115,"Will Bitcoin reach $190,000 by December 31, 2026?",No,Direccional,1,29295.0037,0.9654,0.9765,30,0.55,94.13680799373857,ndb1,94.13680799373857,29295.0037,1,1.0,0.0,0.0,45.0,100.0,Revisar reglas: un pick NO puede incluir empate o una resolución distinta a clasificación.
0x799c35de1e5f3ebd75053643e020e6df9e9a3f477e3d6066eb0a8565f65d547f,"Will Bitcoin reach $180,000 by December 31, 2026?",No,Direccional,1,24650.2231,0.9663,0.9775,30,0.55,86.35214234603565,ndb1,86.35214234603565,24650.2231,1,1.0,0.0,0.0,45.0,100.0,Revisar reglas: un pick NO puede incluir empate o una resolución distinta a clasificación.
0x29d203f90b02392439bb3f919af6bee4589c747ed655e05a89fdfa274404a828,Will Charlotte FC win on 2026-07-22?,No,Direccional,1,21150.0318,0.5181,0.525,28,0.55,79.9867777792055,Wallet 0x076d...8d4c,97.75189809965366,21465.6313,2,0.8182631676129969,17.765120320448162,315.59950000000026,45.0,81.8,Revisar reglas: un pick NO puede incluir empate o una resolución distinta a clasificación.
0x8d8e0630bd63491f2a77d1e0fb0f2750ec4ff118151bade96b00700813d7c467,St. Louis Cardinals vs. Cincinnati Reds,St. Louis Cardinals,Direccional,1,19587.6257,0.4212,0.415,30,0.55,76.97568950162123,ndb1,76.97568950162123,19587.6257,1,1.0,0.0,0.0,45.0,100.0,
0x9affeb38bce1e9a6de30e9ecada1ecfaf636574d3961cf3b9177299786214234,"Will Bitcoin reach $170,000 by December 31, 2026?",No,Direccional,1,19510.5789,0.9519,0.9775,30,0.55,76.82415061196578,ndb1,76.82415061196578,19510.5789,1,1.0,0.0,0.0,45.0,100.0,Revisar reglas: un pick NO puede incluir empate o una resolución distinta a clasificación.
0x2745c38ff0617cb345c1d2df19b4f74ea777508e07411e88eeb6ab3affcda2a2,"Will Bitcoin dip to $35,000 by December 31, 2026?",No,Direccional,1,18096.1356,0.85,0.905,13,0.75,100.89140833093768,Wallet 0x2c33...0563,100.89140833093768,18096.1356,1,1.0,0.0,0.0,45.0,100.0,Revisar reglas: un pick NO puede incluir empate o una resolución distinta a clasificación.
0x7e8f8596bceba09095a584e6f2ce3a0df89ae90890ac2013756941531a1e60b5,MLB: Aaron Judge or Juan Soto to draw more walks?,Soto,Direccional,1,13828.5538,0.2719,0.905,30,0.55,64.677179317747,ndb1,64.677179317747,13828.5538,1,1.0,0.0,0.0,45.0,100.0,
0xe85d65538ebcf8bd8adb2397657946a5a1638e4cc806eef37138ca12058d3a45,Will Tromsø IL win on 2026-07-23?,Yes,Direccional,1,12355.4663,0.5738,0.63,28,0.55,61.135329849032466,Wallet 0x076d...8d4c,61.135329849032466,12355.4663,1,1.0,0.0,0.0,45.0,100.0,
0x46d7873ae581f57984d5c5f1cee717a3bca10c3259527e524fd3a46bc346fce1,ITF Brisbane: Tai Leonard Sach vs Jeremy Zhang,Jeremy Zhang,Direccional,1,12147.3709,0.8058,0.75,3,1.0,110.21511194024166,RN1,184.59822897630033,17680.219,2,0.5970540050760272,74.38311703605868,5532.848100000001,45.0,59.7,
0x6915eebfc4e59a01872275bae229f78a65316401d356f0473848d4a2d178a38e,Will NK Celje win on 2026-07-22?,Yes,Direccional,1,11967.4093,0.4316,0.495,28,0.55,60.16761016734835,Wallet 0x076d...8d4c,96.89230825324145,16425.9331,2,0.6209740613268494,36.7246980858931,4458.523799999999,45.0,62.1,
0xd3eb5bac621abdcd1a703380558c76c6e162330000f2f733065740b3c554a6df,Will Universitatea Craiova CS win on 2026-07-22?,No,Direccional,1,11032.1805,0.7162,0.765,28,0.55,57.76880301036192,Wallet 0x076d...8d4c,57.76880301036192,11032.1805,1,1.0,0.0,0.0,45.0,100.0,Revisar reglas: un pick NO puede incluir empate o una resolución distinta a clasificación.
0x75abb5b9b5ef0ed3f468be0b91559f2a413b750b4a7a1744151ae229df97eded,St. Louis Cardinals vs. Cincinnati Reds: O/U 9.5,Over,Direccional,1,10489.0826,0.52,0.605,32,0.55,56.32892229130609,LaBradfordSmith22,56.32892229130609,10489.0826,1,1.0,0.0,0.0,45.0,100.0,
0x3d7a975be54b6a10a0ed071f12d4fed157e7e01c11da5f585ece547917f71d38,Will Qarabağ Ağdam FK win on 2026-07-23?,Yes,Direccional,1,9458.1245,0.5212,0.645,28,0.55,53.48908917947659,Wallet 0x076d...8d4c,53.48908917947659,9458.1245,1,1.0,0.0,0.0,45.0,100.0,
0x09b9f51bd1767cd5429c18092e8e1d03370831e777eaa8219e6a90febe66172a,Spread: St. Louis Cardinals (-1.5),Cincinnati Reds,Direccional,1,9361.5123,0.5616,0.705,30,0.55,53.21519962144275,ndb1,53.21519962144275,9361.5123,1,1.0,0.0,0.0,45.0,100.0,
0xfee04bc13ce1c0a8e9fe32e40807caddf82da5a8f096fc94451ad98850b10373,Will Houston Dash win on 2026-07-24?,Yes,Direccional,1,5589.0121,0.3119,0.355,28,0.55,41.11783263074551,Wallet 0x076d...8d4c,41.11783263074551,5589.0121,1,1.0,0.0,0.0,45.0,100.0,
0x46d7873ae581f57984d5c5f1cee717a3bca10c3259527e524fd3a46bc346fce1,ITF Brisbane: Tai Leonard Sach vs Jeremy Zhang,Tai Leonard Sach,Direccional,1,5532.8481,0.3634,0.25,3,1.0,74.38311703605866,RN1,184.59822897630033,17680.219,2,0.4029459949239727,110.21511194024167,12147.370900000002,45.0,40.3,
0x9c91ff4f3a8e2ab69650e8677be80643b2494260d1dedabb1403e06968e9e975,Spread: PFK Levski Sofia (-1.5),PFK Levski Sofia,Direccional,1,4860.0,0.21,0.225,3,1.0,69.7137002317335,RN1,69.7137002317335,4860.0,1,1.0,0.0,0.0,45.0,100.0,
0x407a57edbe2b72c403cfee2c0f43e4b54f1b70a2531c7ad598849c3a70c2ad99,Will Han Feng Win the 2026 WSOP Main Event?,No,Direccional,1,4510.4907,0.9345,0.93,30,0.55,36.93810277680759,ndb1,36.93810277680759,4510.4907,1,1.0,0.0,0.0,45.0,100.0,Revisar reglas: un pick NO puede incluir empate o una resolución distinta a clasificación.
0x9d456843ff5ed939ed9b4c4be65c3b35276850e959e71f85a6d474a74abebb9f,Will Kansas City Current win on 2026-07-25?,Yes,Direccional,1,3481.4144,0.3794,0.465,28,0.55,32.45193146794194,Wallet 0x076d...8d4c,32.45193146794194,3481.4144,1,1.0,0.0,0.0,45.0,100.0,
0x895e01dbf3e6a33cd9a44ca0f8cdb5df1bd2b0b6ebed5300d28f8da7145145e4,Will Donald Trump win the 2028 Republican presidential nomination?,Yes,Direccional,1,3356.792,0.0402,0.0135,16,0.75,43.45337156078916,beachboy4,43.45337156078916,3356.792,1,1.0,0.0,0.0,45.0,100.0,
0x983aafe2560d2e3987a2ecbeb022c364160c03ead3543d607e0aa2313006d2aa,Spread: St. Louis Cardinals (-1.5),St. Louis Cardinals,Direccional,1,3219.8591,0.3894,0.355,1,1.0,56.743802304745145,swisstony,72.73316126625451,3475.5187,2,0.7801641138217948,15.989358961509367,255.65959999999995,45.0,78.0,
0xe326d1abf5fb59b82ecfdff3348e75f90561eace327ba1bdc8d38d045ddbe775,"Will Bitcoin dip to $25,000 by December 31, 2026?",No,Direccional,1,2837.4291,0.92,0.955,13,0.75,39.95064290784317,Wallet 0x2c33...0563,39.95064290784317,2837.4291,1,1.0,0.0,0.0,45.0,100.0,Revisar reglas: un pick NO puede incluir empate o una resolución distinta a clasificación.
0xdee53c872dfc5f633345aa8e953958961e3d2daf3aabed82a715f8a42ee33875,Exact Score: Chicago Fire FC 0 - 2 Vancouver Whitecaps FC?,No,Marcador exacto / posible cobertura,1,2821.4208,0.95,0.75,1,1.0,53.11704811075254,swisstony,53.11704811075254,2821.4208,1,1.0,0.0,0.0,45.0,100.0,Revisar reglas: un pick NO puede incluir empate o una resolución distinta a clasificación.
0x9fdd54ac2cb3d12f4bbb385357cdb899ebb5a00d958ca37e5139abd52b1f667f,Will FCSB win on 2026-07-23?,Yes,Direccional,1,2763.9857,0.7343,0.785,28,0.55,28.915491942036887,Wallet 0x076d...8d4c,28.915491942036887,2763.9857,1,1.0,0.0,0.0,45.0,100.0,
0x0da3005f7d57b33cac257bcd4633611dd601709d2fa8bcb55749a98a3114d99f,Tampa Bay Rays vs. New York Yankees,Tampa Bay Rays,Direccional,1,2418.211,0.4081,0.41,30,0.55,27.046419864743655,ndb1,27.046419864743655,2418.211,1,1.0,0.0,0.0,45.0,100.0,
0x84fa88ba8ae4d2acb91b42922112bb9f01f6f4541495276aec57a552861fa158,Will Orlando Pride win on 2026-07-24?,Yes,Direccional,1,2397.1417,0.6076,0.62,28,0.55,26.928337569371045,Wallet 0x076d...8d4c,26.928337569371045,2397.1417,1,1.0,0.0,0.0,45.0,100.0,
0xf194634652d8dbdb464a85ef173ca2d037cc6d488d547da4b56aace7b5b3a6ec,Will Bohemian FC win on 2026-07-22?,Yes,Direccional,1,2286.0576,0.5174,0.555,28,0.55,26.29700408791846,Wallet 0x076d...8d4c,33.47665529810966,2456.4622,2,0.7855326003671395,7.179651210191203,170.40459999999985,45.0,78.6,
0x97b66d987b63b438af6467bf15ede9f2845b857dadf44653b262fc5a6a699411,Will SE Palmeiras win on 2026-07-22?,Yes,Direccional,1,2285.3455,0.5121,0.515,1,1.0,47.80528736447465,swisstony,47.80528736447465,2285.3455,1,1.0,0.0,0.0,45.0,100.0,
0x1de9c5878cc635684c5f3b426b467f8b997bb5f95b6232d22c3cda294eca4156,ITF Sao Paulo: Juan Estevez vs Joao Vitor Scramin Do Lago,Juan Estevez,Direccional,1,2270.6227,0.9697,0.96,28,0.55,26.208078272738735,Wallet 0x076d...8d4c,26.208078272738735,2270.6227,1,1.0,0.0,0.0,45.0,100.0,
0xd639ab51a4ff3c0359c4a0bbc05283f088524c007692746778cd2618236859ec,Arizona Diamondbacks vs. St. Louis Cardinals,Arizona Diamondbacks,Direccional,1,2195.1798,0.4302,0.46,3,1.0,46.852745917395275,RN1,46.852745917395275,2195.1798,1,1.0,0.0,0.0,45.0,100.0,
0xd71197329e1145258b960c36269870229ee816b0aa089e8f1b64ea196d7e2d08,Will Africa (CAF) win the 2026 FIFA World Cup?,No,Direccional,1,2139.5026,0.925,1.0,20,0.75,34.69106819485384,DrPufferfish,34.69106819485384,2139.5026,1,1.0,0.0,0.0,45.0,100.0,Revisar reglas: un pick NO puede incluir empate o una resolución distinta a clasificación.
0x2f39c668afc7b19d558be8de8e28006b0c53b5ccb0543fe3226c115eaea6a693,Hamburg European Open: Simona Waltert vs Mayar Sherif,Simona Waltert,Direccional,1,2075.0,0.47,0.415,3,1.0,45.552167895721496,RN1,89.59617167319387,8487.807499999999,2,0.508416454018539,44.04400377747237,6412.807499999999,45.0,50.8,
0x53454b0a76a8d21f8e3fa31285b2d685f5a36f34c708a0c0038c329d803af4e1,Pittsburgh Pirates vs. New York Yankees: O/U 9.5,Over,Direccional,1,2000.0,0.46,0.4,3,1.0,44.721359549995796,RN1,57.85592844280686,2172.5169,2,0.7729779947132788,13.13456889281106,172.51690000000008,45.0,77.3,
0xd7cc962775073841fdcc4c37f2c96b9842e36887dbf31f336e401aa7f45f3275,Tampere: Andrej Nedic vs Tom Gentzsch,Andrej Nedic,Direccional,1,1853.1768,0.5311,0.535,28,0.55,23.676697024711874,Wallet 0x076d...8d4c,23.676697024711874,1853.1768,1,1.0,0.0,0.0,45.0,100.0,
0x308ee24a8f46e8e61286e9b0661cc42e09c34c93bc46dd4842070a2daf928dee,Will Cleveland Guardians win the 2026 AL Central title?,Yes,Direccional,1,1834.4668,0.61,0.535,30,0.55,23.556871757514834,ndb1,23.556871757514834,1834.4668,1,1.0,0.0,0.0,45.0,100.0,
0x198631be68310036030d5988e191c41a3790198d2aee0e9f2032ea68496d78d1,Will Coritiba FBC win on 2026-07-22?,No,Direccional,1,1812.766,0.7933,0.795,1,1.0,42.576589811773324,swisstony,63.878890157041205,2266.554,2,0.6665205000760367,21.30230034526788,453.788,45.0,66.7,Revisar reglas: un pick NO puede incluir empate o una resolución distinta a clasificación.
0x304d3f57b6c1f7f2056a596136d2b42b17c6139eff37e1c4a17d369e26e0d20c,Spread: Coritiba FBC (-2.5),SE Palmeiras,Direccional,1,1787.2485,0.9809,0.9805,1,1.0,42.275861907239694,swisstony,42.275861907239694,1787.2485,1,1.0,0.0,0.0,45.0,100.0,
0xa26b10762096ade1fc322372d963e41ae8d1a128cf7ac430ca269ebda3788335,Exact Score: Chicago Fire FC 1 - 2 Vancouver Whitecaps FC?,No,Marcador exacto / posible cobertura,1,1783.0551,0.9087,0.8995,1,1.0,42.226237104435434,swisstony,42.226237104435434,1783.0551,1,1.0,0.0,0.0,45.0,100.0,Revisar reglas: un pick NO puede incluir empate o una resolución distinta a clasificación.
0xd73b81755d573d5abb591ab049ef6a5c535833296e8b1d3573558b6d12d686fe,Will Vancouver Whitecaps FC win on 2026-07-16?,Yes,Direccional,1,1781.1787,0.3858,0.28,1,1.0,42.20401284238265,swisstony,61.70355129845899,2161.4107,2,0.6839802888855228,19.499538456076337,380.23199999999997,45.0,68.4,
0x380101b01c3a31e00fb9e5c0a0dbdd71a015b00b341646649a0a35818fc4bfc5,Pittsburgh Pirates vs. New York Yankees,New York Yankees,Direccional,1,1764.4408,0.531,0.595,3,1.0,42.00524729126113,RN1,42.00524729126113,1764.4408,1,1.0,0.0,0.0,45.0,100.0,
0x818b94bd5608c4864382c837ea850b6d3aabf21d8a9136062456f041f51cebbc,Arizona Diamondbacks vs. St. Louis Cardinals: O/U 9.5,Under,Direccional,1,1612.465,0.56,0.505,1,1.0,40.15551020719323,swisstony,40.15551020719323,1612.465,1,1.0,0.0,0.0,45.0,100.0,
0xb217ede59811f418a5d8f757dcdec83ae3103728435d808162cc52fc63fdaee9,Columbus Crew vs. New York City FC: O/U 5.5,Under,Direccional,1,1612.2113,0.9299,0.935,1,1.0,40.15235111422493,swisstony,40.15235111422493,1612.2113,1,1.0,0.0,0.0,45.0,100.0,
0x65928de9fc728b444839cf1ee8022d345e7b6c3cf07d76b2e6ba235cb9aaa411,ITF Bali: Azuma Visaya vs Alexander Chang,Alexander Chang,Direccional,1,1482.118,0.7017,0.91,3,1.0,38.4982856761181,RN1,38.4982856761181,1482.118,1,1.0,0.0,0.0,45.0,100.0,
0xb040d3eff979a01b34d6c5952faf1c490e77c7a4f8dff3733e3d826d37525c2d,Will Aaron Judge win the 2026 American League Hank Aaron Award?,No,Direccional,1,1453.685,0.6516,0.981,30,0.55,20.969971685722424,ndb1,20.969971685722424,1453.685,1,1.0,0.0,0.0,45.0,100.0,Revisar reglas: un pick NO puede incluir empate o una resolución distinta a clasificación.
0xe5907ee5b1cbb4a4a905e29edaf2222f46f257e3780a8572791f0546236acbd3,San Francisco Giants vs. Atlanta Braves: O/U 7.5,Over,Direccional,1,1452.6701,0.47,0.665,3,1.0,38.11390953444687,RN1,38.11390953444687,1452.6701,1,1.0,0.0,0.0,45.0,100.0,
0x1748445bf6b2e92c46c2bdaefdb3756092344203491e98acd167d2b0109c5054,Will Shelbourne FC win on 2026-07-23?,Yes,Direccional,1,1413.981,0.6195,0.735,28,0.55,20.681616293220415,Wallet 0x076d...8d4c,20.681616293220415,1413.981,1,1.0,0.0,0.0,45.0,100.0,
0x7453466521ed6a2ef40639e620f9c681d502ea0eb8b04600350dd22162330f6a,Shanghai Haigang FC vs. Dalian Yingbo FC: O/U 1.5,Under,Direccional,1,1325.8742,0.08,0.395,3,1.0,36.41255552690583,RN1,56.46786903729504,1728.0898,2,0.6448367212663296,20.05531351038921,402.2156,45.0,64.5,
0xe19ddd7a87ad62801fdd2387d8c1056a7521e11110af4fc009b9189924a01760,Spread: Cleveland Guardians (-1.5),Cleveland Guardians,Direccional,1,1284.7772,0.3426,0.45,1,1.0,35.84378886222828,swisstony,50.98917099672723,1514.1598,2,0.7029686531779255,15.145382134498952,229.3825999999999,45.0,70.3,
0x82ef68a94569a1879767a8e02c2f9f1d58e4b09e8aec7a4ce99844b00949e9c5,Atlanta Braves vs. Chicago White Sox: O/U 5.5,Over,Direccional,1,1239.0249,0.78,0.725,1,1.0,35.19978551071014,swisstony,35.19978551071014,1239.0249,1,1.0,0.0,0.0,45.0,100.0,
0xbc28d92c08f105390938288ba18a4e500978bcc8880eb7b07401e4e4d503160f,Will Aaron Judge lead the MLB in RBIs for the 2026 regular season?,No,Direccional,1,1207.9754,0.79,0.992,30,0.55,19.115767274687148,ndb1,19.115767274687148,1207.9754,1,1.0,0.0,0.0,45.0,100.0,Revisar reglas: un pick NO puede incluir empate o una resolución distinta a clasificación.
0x5244e82400ae4fb15981580bd5d6782f00ee0451c6d9b1dd04ac355f9ba76e53,Will Shohei Ohtani win the 2026 National League MVP Award?,Yes,Direccional,1,1178.1382,0.6398,0.765,30,0.55,18.87820980654681,ndb1,18.87820980654681,1178.1382,1,1.0,0.0,0.0,45.0,100.0,
0xa4da1f345441d08a9ed36d49eaf5b91b33db92d655c29c6a6ea764408ad667e2,Will Neftçi PFK win on 2026-07-22?,Yes,Direccional,1,1151.0894,0.477,0.485,28,0.55,18.660239642083916,Wallet 0x076d...8d4c,18.660239642083916,1151.0894,1,1.0,0.0,0.0,45.0,100.0,
0xf06e4c32aa90ea8272d92cd78a0d9cead15b4bfd72822182bdbf77f6a30b8c7d,ITF Cluj Napoca: Ilinca Sagmar vs Giulia Safina Popa,Ilinca Sagmar,Direccional,1,1095.521,0.1902,0.24,3,1.0,33.09865556182003,RN1,33.09865556182003,1095.521,1,1.0,0.0,0.0,45.0,100.0,
0x8b289fe7332bf7177650563b51c57b93d9e404a85fe24d664ce9537c4c84aece,Will AS Omónoia Leukosías win on 2026-07-22?,Yes,Direccional,1,1036.0215,0.5669,0.5649,28,0.55,17.70300832485824,Wallet 0x076d...8d4c,17.70300832485824,1036.0215,1,1.0,0.0,0.0,45.0,100.0,
0x954e342166ea689a59d4520cc77389607cf602d2418b5d87dbb9f293d06ffa89,Will CS Huancayo win on 2026-07-25?,Yes,Direccional,1,976.435,0.5664,0.58,28,0.55,17.18637796337553,Wallet 0x076d...8d4c,17.18637796337553,976.435,1,1.0,0.0,0.0,45.0,100.0,
0x2d09f4a36f91aee3561c9af8fcbce20a70e413522fafb17f4da78292574ed381,Will Bryce Eldridge win the 2026 NL Rookie of the Year award?,No,Direccional,1,909.0,0.978,0.909,30,0.55,16.58229477484947,ndb1,16.58229477484947,909.0,1,1.0,0.0,0.0,45.0,100.0,Revisar reglas: un pick NO puede incluir empate o una resolución distinta a clasificación.
0x8471282c85bf93914043538e9080468cd131ee6b852a829a889aefb2fada9a52,FC Seoul vs. Pohang Steelers FC: Both Teams to Score,Yes,Direccional,1,895.1122,0.4699,0.475,1,1.0,29.918425760724777,swisstony,29.918425760724777,895.1122,1,1.0,0.0,0.0,45.0,100.0,
0xc2930df535462409523c4330b7bea5eca23e7b3d0df4bf36db15c9c3c73f7bd0,Lexus Eastbourne Open: Brandon Nakashima vs Jack Draper,Jack Draper,Direccional,1,891.1234,0.44,0.5,3,1.0,29.85169006940813,RN1,29.85169006940813,891.1234,1,1.0,0.0,0.0,45.0,100.0,
0xa377d7336126381a5cad079c4e4e5ca5aaa1e1982d921002b3a8665632353808,ITF Brisbane: Ya Yi Yang vs Jizelle Sibai,Ya Yi Yang,Direccional,1,882.7003,0.705,0.7245,3,1.0,29.710272634225355,RN1,50.216452190642,1303.2037,2,0.5916441990253138,20.506179556416647,420.50340000000006,45.0,59.2,
0xd70f144e9f7a18c25fa83ca4eac1b647979abac6ddaa95356437cce6f805db43,Will Club Alianza Atlético win on 2026-07-24?,Yes,Direccional,1,821.5411,0.5099,0.54,28,0.55,15.764396047739986,Wallet 0x076d...8d4c,15.764396047739986,821.5411,1,1.0,0.0,0.0,45.0,100.0,
0x6f08f5499b2441a8d525961988d5f1fe65b318cc52e34eb8dd72f9d09c6a8d70,Detroit Tigers vs. Cleveland Guardians: O/U 4.5,Over,Direccional,1,810.92,0.81,0.836,1,1.0,28.476657107181662,swisstony,28.476657107181662,810.92,1,1.0,0.0,0.0,45.0,100.0,
0xe603ca52476e24561db2298a00a84b2a981501b413706a1d80164e0ad46d6344,Will FK Bodø/Glimt win on 2026-03-22?,Yes,Direccional,1,791.6525,0.8799,0.885,1,1.0,28.136319944157588,swisstony,28.136319944157588,791.6525,1,1.0,0.0,0.0,45.0,100.0,
0xf224a064c4a33142b44f9c25301248eee7df0658c1c95751c18f6fd38007b324,ITF Brisbane: Belle Thompson vs Tori Russell,Belle Thompson,Direccional,1,741.7177,0.5205,0.9995,3,1.0,27.23449467128039,RN1,27.23449467128039,741.7177,1,1.0,0.0,0.0,45.0,100.0,
0x9aee797d5743a857bc925ca71efce7948207c3241526881460e1649382992721,ITF Cluj Napoca: Ioana Stefania Boian vs Teodora Miron,Ioana Stefania Boian,Direccional,1,691.9306,0.1667,0.125,3,1.0,26.304573746784037,RN1,26.304573746784037,691.9306,1,1.0,0.0,0.0,45.0,100.0,
0xa7b594ae07d5c1590fa86028fcc2f8705990437237416556c05837a08b2e1cda,"Will Bitcoin reach $150,000 by December 31, 2026?",No,Direccional,1,668.5575,0.95,0.9695,30,0.55,14.221063383235448,ndb1,14.221063383235448,668.5575,1,1.0,0.0,0.0,45.0,100.0,Revisar reglas: un pick NO puede incluir empate o una resolución distinta a clasificación.
0x6e52e45529e66a5422eb427624a7bff1a53071edeadecb098931575f4953b4bc,Makarska: Rebecca Sramkova vs Tara Wurth,Tara Wurth,Direccional,1,651.0698,0.22,0.5,3,1.0,25.516069446527222,RN1,25.516069446527222,651.0698,1,1.0,0.0,0.0,45.0,100.0,
0xda7d05262b576bc81ac8efb3b85017c4c2806243f61cb29b4177ba5830f7bb73,KBO: Hanwha Eagles vs. LG Twins,LG Twins,Direccional,1,604.6029,0.507,0.778,1,1.0,24.58867422208851,swisstony,24.58867422208851,604.6029,1,1.0,0.0,0.0,45.0,100.0,
0x3e9646ce87a96f3e3f972e9267e742969ceb6c1998c3a7f7395bd691d7c26970,ITF Bacau: Tudor Batin vs Oleksandr Ovcharenko,Tudor Batin,Direccional,1,603.4103,0.4626,0.41,3,1.0,24.5644112487965,RN1,39.73697530369506,833.617,2,0.6181751645931719,15.172564054898562,230.20669999999996,45.0,61.8,
0xffa06c7df97bd5ebbc803b8187d4a5d1d73f19595fb2d2c6057a68562604e2b2,ITF Kursumlijska Banja: Felitsata Dorofeeva-Rybas vs Marianne Argyrokastriti,Felitsata Dorofeeva-Rybas,Direccional,1,583.6231,0.7806,0.86,3,1.0,24.15829257211693,RN1,46.87845542364597,1099.8289,2,0.5153389196336713,22.720162851529036,516.2058,45.0,51.5,
0x159376ce78fdf9dafb626b22c8cf89263c6af2c95387fe4344fd46d30300c94a,Will FK Partizan Beograd win on 2026-07-23?,Yes,Direccional,1,581.2599,0.7594,0.81,28,0.55,13.260132719924037,Wallet 0x076d...8d4c,13.260132719924037,581.2599,1,1.0,0.0,0.0,45.0,100.0,
0x0e45a8b2d43d52e9e818f9f73e6ba66ec932042846037d7ba48d5abc7271db79,Will FK Bodø/Glimt vs. Hamarkameratene end in a draw?,No,Direccional,1,569.5875,0.92,0.915,28,0.55,13.126317790987693,Wallet 0x076d...8d4c,13.126317790987693,569.5875,1,1.0,0.0,0.0,45.0,100.0,Revisar reglas: un pick NO puede incluir empate o una resolución distinta a clasificación.
0x2c10caa579f60f43e2248157c2c094453096cb1eec4b60e6a54cd1000b51ff03,Generali Open: Alexander Bublik vs Facundo Acosta,Alexander Bublik,Direccional,1,560.0005,0.62,0.655,1,1.0,23.66432969682429,swisstony,23.66432969682429,560.0005,1,1.0,0.0,0.0,45.0,100.0,
0x85d7e77f46e92faec56205028d9f5102bc0fd1ca616bc738e5701ef58b8c9eab,Chicago Fire FC vs. Vancouver Whitecaps FC: O/U 2.5,Under,Direccional,1,525.4745,0.3399,0.58,1,1.0,22.92323057511746,swisstony,41.2564790597696,861.5825,2,0.5556274092587453,18.33324848465214,336.10799999999995,45.0,55.6,
0xffa06c7df97bd5ebbc803b8187d4a5d1d73f19595fb2d2c6057a68562604e2b2,ITF Kursumlijska Banja: Felitsata Dorofeeva-Rybas vs Marianne Argyrokastriti,Marianne Argyrokastriti,Direccional,1,516.2058,0.2249,0.14,3,1.0,22.720162851529036,RN1,46.87845542364597,1099.8289,2,0.4846610803663287,24.15829257211693,583.6231,45.0,48.5,
0xd50d1e37ab998c687acf28c95d9aa4de7063705422d3c27d66666c70a1c30f3e,ITF Bacau: Radu David Turcanu vs Gheorghe Claudiu Schinteie,Radu David Turcanu,Direccional,1,508.7506,0.9462,0.9275,3,1.0,22.555500437808956,RN1,22.555500437808956,508.7506,1,1.0,0.0,0.0,45.0,100.0,
0x5f8572697a9b224cdc73ae44a99a13c4878166e06899e20535b7a0d0859100bb,Spread: Boston Red Sox (-1.5),Boston Red Sox,Direccional,1,506.7846,0.33,0.405,3,1.0,22.511876865334884,RN1,38.33509082457844,757.1587,2,0.5872394294916201,15.823213959243553,250.37409999999994,45.0,58.7,
0xf4ee7346ac76b9239301a6f0cc36fbea1c5f4bacde46b1c0741bc6efe17d7576,Will Hammarby Fotboll win on 2026-07-23?,Yes,Direccional,1,499.2033,0.3512,0.405,28,0.55,12.288571855590055,Wallet 0x076d...8d4c,12.288571855590055,499.2033,1,1.0,0.0,0.0,45.0,100.0,
0x5e8183c7283aea065604f3c24323e79b55c60b40b0afd7eaf989989945cda6c2,ITF Brisbane: Daisuke Sumizawa vs Jake Delaney,Daisuke Sumizawa,Direccional,1,488.9387,0.1197,0.125,3,1.0,22.111958303144476,RN1,36.02968441052279,682.6418,2,0.6137150148527662,13.917726107378314,193.7031,45.0,61.4,
0x9715fe323f12209344b022f4852cbe8be828c5f53999d7ea4869356044e1d8e6,Will Philadelphia Union win on 2026-07-22?,Yes,Direccional,1,483.8075,0.5459,0.555,1,1.0,21.995624564899266,swisstony,21.995624564899266,483.8075,1,1.0,0.0,0.0,45.0,100.0,
0x1312f6f59fefc7dc86133ca7f4ad4266eb5039b5bedc88be1dbc7e2c6c4f026c,Will Matt Olson hit the most home runs during the 2026 MLB regular season?,No,Direccional,1,470.16,0.97,0.9795,30,0.55,11.925745259731153,ndb1,11.925745259731153,470.16,1,1.0,0.0,0.0,45.0,100.0,Revisar reglas: un pick NO puede incluir empate o una resolución distinta a clasificación.
0xba9987738b849610b4f2e9aa67a07434c891e3e9254dde20aa87af894de74c86,Bucheon FC 1995 vs. FC Anyang: Both Teams to Score,No,Direccional,1,450.1895,0.5124,0.505,1,1.0,21.21766952330062,swisstony,37.650198239234754,720.2175,2,0.5635473520877767,16.432528715934133,270.02799999999996,45.0,56.4,Revisar reglas: un pick NO puede incluir empate o una resolución distinta a clasificación.
0xdba407e4d00e67b63d25923eb01a1043bedc5bb92387f840d4e3d17dd6f293c3,MLB: Scorigami in 2026?,No,Direccional,1,444.7594,0.85,0.8865,30,0.55,11.599125764470356,ndb1,11.599125764470356,444.7594,1,1.0,0.0,0.0,45.0,100.0,Revisar reglas: un pick NO puede incluir empate o una resolución distinta a clasificación.
0xc91fe0649a963a53ffb209bbe750846dcf373b2ec9d15a21493bb550c3e9ed46,Will HNK Hajduk Split win on 2026-07-23?,No,Direccional,1,431.5705,0.5746,0.5649,28,0.55,11.42585122649512,Wallet 0x076d...8d4c,11.42585122649512,431.5705,1,1.0,0.0,0.0,45.0,100.0,Revisar reglas: un pick NO puede incluir empate o una resolución distinta a clasificación.
0x97954cb222b1b873fb98e88bce8f9f9544dd45c253ea99474ab4a2d1bd4a42b9,KBO: KT Wiz vs. Samsung Lions,KT Wiz,Direccional,1,430.4,0.53,0.5995,1,1.0,20.746083967823903,swisstony,20.746083967823903,430.4,1,1.0,0.0,0.0,45.0,100.0,
0xf0681ed8d200cf0fce0d3b41d1fb7f62ed24224a445472a51295b73a26236ace,Toronto Blue Jays vs. Chicago Cubs: O/U 4.5,Over,Direccional,1,418.2,0.7681,0.82,1,1.0,20.449938875214272,swisstony,20.449938875214272,418.2,1,1.0,0.0,0.0,45.0,100.0,
0x8f9f849264850e9ef28351b19c67edad33e8762267bd2e12acf7f9da2a4fec34,Detroit Tigers vs. Cleveland Guardians: O/U 10.5,Under,Direccional,1,418.1094,0.775,0.74,1,1.0,20.447723589681075,swisstony,20.447723589681075,418.1094,1,1.0,0.0,0.0,45.0,100.0,
0xe06fefdae79803caa08de8346118721082a6239d0101022efce3db6eaf31f892,Will FK Borac Banja Luka win on 2026-07-23?,Yes,Direccional,1,403.5885,0.5666,0.675,28,0.55,11.04923170405979,Wallet 0x076d...8d4c,11.04923170405979,403.5885,1,1.0,0.0,0.0,45.0,100.0,
0x6a018e86c3e2a35d32e53645fc0e884482e95056e08f357dfda54213fabfdf8c,Nashville SC vs. CF Montréal: CF Montréal O/U 2.5,Under,Direccional,1,402.4898,0.9299,0.93,1,1.0,20.062148439287355,swisstony,20.062148439287355,402.4898,1,1.0,0.0,0.0,45.0,100.0,
0x403b4ed91ef07fe0d7f0c5210e9562abd770c5b79a84cbbe45688f7472ef0d4d,Columbus Crew vs. New York City FC: O/U 3.5,Under,Direccional,1,400.04,0.6899,0.685,1,1.0,20.00099997500125,swisstony,20.00099997500125,400.04,1,1.0,0.0,0.0,45.0,100.0,
0xb560a07df7c13ede1fdd89b0df6b34d741e9ede4dec8450d6404105c3aa4e064,HNK Hajduk Split vs. Páfos FC: Both Teams to Score,Yes,Direccional,1,399.3054,0.5091,0.515,28,0.55,10.99044510017679,Wallet 0x076d...8d4c,10.99044510017679,399.3054,1,1.0,0.0,0.0,45.0,100.0,
0x80caefc0951fd4ec43f3206de1e8b14a9a93c9eceaa8eb8abdead387137e7870,Counter-Strike: Nemiga vs G2 (BO3) - BLAST Bounty Qualifier,G2,Direccional,1,387.4772,0.8499,0.845,28,0.55,10.826442305762313,Wallet 0x076d...8d4c,10.826442305762313,387.4772,1,1.0,0.0,0.0,45.0,100.0,
0xf212bd2891f0e33a1c16730bd8980c69ffd9d0eca10b43191b73dac023262fed,Will Oceania (OCF) win the 2026 FIFA World Cup?,No,Direccional,1,380.8519,0.98,1.0,20,0.75,14.636570423087505,DrPufferfish,14.636570423087505,380.8519,1,1.0,0.0,0.0,45.0,100.0,Revisar reglas: un pick NO puede incluir empate o una resolución distinta a clasificación.
0x174b1224d4226b0c0c6d0ffcb8c12421d70e9b948378ff031180e5bd5b5821f3,Will Taylor Ward lead the MLB in RBIs for the 2026 regular season?,No,Direccional,1,372.1444,0.9757,0.992,30,0.55,10.6100745049222,ndb1,10.6100745049222,372.1444,1,1.0,0.0,0.0,45.0,100.0,Revisar reglas: un pick NO puede incluir empate o una resolución distinta a clasificación.
0x179ad066e679114cad7149ff50a8e928071b5748dfb7698dae0612d64ed474b5,Generali Open: Jan-Lennard Struff vs Mariano Navone,Jan-Lennard Struff,Direccional,1,359.7701,0.3499,0.3449,28,0.55,10.432183628080942,Wallet 0x076d...8d4c,10.432183628080942,359.7701,1,1.0,0.0,0.0,45.0,100.0,
0xfa086a518e7f6045b17e542de8fbab13f20b19fbbbcf05c3e26e78540c48b38d,Generali Open: Kilian Feldbausch vs Ignacio Buse,Ignacio Buse,Direccional,1,359.0864,0.6577,0.6655,1,1.0,18.949575193127682,swisstony,26.25878963450235,535.6967,2,0.7216469402012791,7.309214441374667,176.61029999999994,45.0,72.2,
0x11e3e3fab6e2b24be16f399fbfd24a41fda94e2a2bfbdef31c724e1c56ac864e,Shanghai Haigang FC vs. Dalian Yingbo FC: Dalian Yingbo FC O/U 0.5,Over,Direccional,1,352.6889,0.7397,0.4,1,1.0,18.78001331202936,swisstony,18.78001331202936,352.6889,1,1.0,0.0,0.0,45.0,100.0,
0xd6df30720280e963b4294c71f0ab72b85c1426bfdacdc3223d2a64002308efca,Will Zirə FK win on 2026-07-23?,Yes,Direccional,1,342.7247,0.5796,0.735,28,0.55,10.18205390626076,Wallet 0x076d...8d4c,10.18205390626076,342.7247,1,1.0,0.0,0.0,45.0,100.0,
0x50fc8b640d85037e37c72902432f6c69f7fa2cee117f1ab821ba4b1aa3426e93,Braunschweig: Martin Krumich vs Francisco Comesana,Francisco Comesana,Direccional,1,341.24,0.5,0.5,3,1.0,18.472682533947257,RN1,18.472682533947257,341.24,1,1.0,0.0,0.0,45.0,100.0,
0x19eee811aaeec802a0b1c4f4f20605cb3729c218eb65e6eba6cdd1100bf4362a,Spread: Pohang Steelers FC (-1.5),FC Seoul,Direccional,1,338.5097,0.94,0.935,28,0.55,10.11924820577102,Wallet 0x076d...8d4c,10.11924820577102,338.5097,1,1.0,0.0,0.0,45.0,100.0,
0xcf28c08fee8c8ea3407eb1d263f02333b2b844003ca6cbf6fef6b6b5ed889531,Will San Jose Earthquakes win on 2026-07-22?,No,Direccional,1,329.2702,0.3695,0.375,1,1.0,18.145803922670385,swisstony,18.145803922670385,329.2702,1,1.0,0.0,0.0,45.0,100.0,Revisar reglas: un pick NO puede incluir empate o una resolución distinta a clasificación.
0x2c0791f8cc838ac452434465666b3c9c51f12f9bbf4fed2394d1ee0f39869dbd,Will Djurgardens IF win on 2026-07-25?,Yes,Direccional,1,327.0312,0.56,0.575,28,0.55,9.946202189780783,Wallet 0x076d...8d4c,9.946202189780783,327.0312,1,1.0,0.0,0.0,45.0,100.0,
0x513bf1706e9cbf61b7cc56f12803b1b72a522bae3c5157e7b356abdf36e2e72d,Will Count Binface win the Clacton by-election?,No,Direccional,1,324.6393,0.9613,0.9605,15,0.75,13.51331218650705,Wallet 0x006c...16ea,13.51331218650705,324.6393,1,1.0,0.0,0.0,45.0,100.0,Revisar reglas: un pick NO puede incluir empate o una resolución distinta a clasificación.
0x84f698ac4e21f27dfa51803083f5c115933c13611259e2968e4b2ba06f854912,KBO: NC Dinos vs. Kia Tigers,Kia Tigers,Direccional,1,317.8,0.4841,0.7945,1,1.0,17.826945896591486,swisstony,17.826945896591486,317.8,1,1.0,0.0,0.0,45.0,100.0,
0xa6d4b706470646f75d7d46ea418b79b8adb2029ac5edd941df0f9eb4d79c149a,Wuhan San Zhen FC vs. Henan FC: O/U 4.5,Under,Direccional,1,317.741,0.8399,0.75,1,1.0,17.825291021467223,swisstony,17.825291021467223,317.741,1,1.0,0.0,0.0,45.0,100.0,
0x1c8870fed75e00b9d759b45992a41a25c6ee55864047d9ee2b3dd5dc72585dc0,Chicago Fire FC vs. Vancouver Whitecaps FC: Both Teams to Score,No,Direccional,1,314.15,0.32,0.305,1,1.0,17.72427713617681,swisstony,34.15499836197819,584.1186,2,0.5189365535413908,16.430721225801378,269.96860000000004,45.0,51.9,Revisar reglas: un pick NO puede incluir empate o una resolución distinta a clasificación.
0x70a8456e1acbb925262f0784503644ae6bdd70cf3c9be375725176a2c591931e,FC Sheriff Tiraspol vs. MH Maccabi Tel Aviv: O/U 2.5,Over,Direccional,1,313.1492,0.3899,0.38,28,0.55,9.732812183536678,Wallet 0x076d...8d4c,9.732812183536678,313.1492,1,1.0,0.0,0.0,45.0,100.0,
0xb8be92847800314e6a9e8b6394443d3708afac72da8cdebe970f8c189fb918f7,ITF Horb: Lea Nilsson vs Fiona Ganz,Lea Nilsson,Direccional,1,299.0995,0.8307,0.81,28,0.55,9.511971338791975,Wallet 0x076d...8d4c,9.511971338791975,299.0995,1,1.0,0.0,0.0,45.0,100.0,
0x9ba67df80d30089545d01dc7b5d393c44d9a8569a39e6e1b57a6164d22bdeb32,KBO: LG Twins vs. NC Dinos,LG Twins,Direccional,1,295.9249,0.5,0.505,30,0.55,9.461357315417276,ndb1,9.461357315417276,295.9249,1,1.0,0.0,0.0,45.0,100.0,
0xf89a21f6ead6fde33cabffb979db66466cc67b5c21309b0698db26f1f91ef193,Will Chicago Fire FC win on 2026-07-22?,No,Direccional,1,293.7411,0.6886,0.675,1,1.0,17.138876859351083,swisstony,17.138876859351083,293.7411,1,1.0,0.0,0.0,45.0,100.0,Revisar reglas: un pick NO puede incluir empate o una resolución distinta a clasificación.
0xbd9afa4412c2088c19ff351c2fb020cc8479b9a846c86c1ac2812a64403b5905,ITF Brisbane: Rianna Alame vs Mutsumi Uemura,Mutsumi Uemura,Direccional,1,289.5898,0.7262,0.73,1,1.0,17.01733821724185,swisstony,17.01733821724185,289.5898,1,1.0,0.0,0.0,45.0,100.0,
0xfd2052594f25def40a18550640ee55714e2b45e1302e1ed59a8b96427742992d,Atlanta Braves vs. Chicago White Sox: O/U 8.5,Over,Direccional,1,287.1301,0.47,0.685,3,1.0,16.944913691134577,RN1,16.944913691134577,287.1301,1,1.0,0.0,0.0,45.0,100.0,
0x164d9a78208197db1c558b999bdd904e63bb97c74399278251fbf84e74adbae3,Tampa Bay Rays vs. New York Yankees: O/U 7.5,Over,Direccional,1,285.1572,0.4192,0.54,30,0.55,9.287629030059286,ndb1,9.287629030059286,285.1572,1,1.0,0.0,0.0,45.0,100.0,
0x87488a6872612e1e2518d5190994f49618b78777acee371038ee8fa11d41df00,Will Orlando City SC win on 2026-07-22?,No,Direccional,1,284.7253,0.8209,0.8149,1,1.0,16.87380514288345,swisstony,16.87380514288345,284.7253,1,1.0,0.0,0.0,45.0,100.0,Revisar reglas: un pick NO puede incluir empate o una resolución distinta a clasificación.
0xc53b6056373f3659365afa094b4ba9af14f540b576a8ca0347309be8b4ed3228,Boston Red Sox vs. New York Yankees: O/U 7.5,Under,Direccional,1,280.8467,0.4416,0.5315,3,1.0,16.758481434784,RN1,16.758481434784,280.8467,1,1.0,0.0,0.0,45.0,100.0,
0xf7aba61f85936e4f97922a34d12228717224dd013ce89d78a70363e4c65869bd,ITF Kursumlijska Banja: Elena Milutinovic vs Emma Ottavia Ghirardato,Emma Ottavia Ghirardato,Direccional,1,277.3298,0.9609,0.9855,3,1.0,16.653221910489272,RN1,16.653221910489272,277.3298,1,1.0,0.0,0.0,45.0,100.0,
0x55f83890e325bb4c7345346f6a259ce65aebd925a9a1042bde732e48507e162e,Will Atlanta United FC win on 2026-07-22?,Yes,Direccional,1,273.4601,0.2457,0.265,1,1.0,16.536629039801312,swisstony,29.078160046819555,430.7501,2,0.5686958532856008,12.541531007018243,157.28999999999996,45.0,56.9,
0x1c8870fed75e00b9d759b45992a41a25c6ee55864047d9ee2b3dd5dc72585dc0,Chicago Fire FC vs. Vancouver Whitecaps FC: Both Teams to Score,Yes,Direccional,1,269.9686,0.68,0.6949,1,1.0,16.430721225801378,swisstony,34.15499836197819,584.1186,2,0.48106344645860916,17.72427713617681,314.15000000000003,45.0,48.1,
0x5231d01ce36f146793dac1f6d4e212a349ca0c924ad5e31f999a80c09772ed62,Spread: Independiente Santa Fe (-1.5),Independiente Santa Fe,Direccional,1,265.665,0.42,0.445,28,0.55,8.964578210936644,Wallet 0x076d...8d4c,8.964578210936644,265.665,1,1.0,0.0,0.0,45.0,100.0,
0xff3a3224444463e3722ac41ee245cc7efc3f057ca64a1a77eebb47ddb6d6f5b9,Spread: Chicago Fire FC (-2.5),Chicago Fire FC,Direccional,1,256.5849,0.0699,0.245,1,1.0,16.018267696601903,swisstony,16.018267696601903,256.5849,1,1.0,0.0,0.0,45.0,100.0,
0xe6199115aa51bf44b1f6ee1e8b229852ef25328aa69bc5db962cc7f9071e3a1e,FC Cincinnati vs. Vancouver Whitecaps FC: FC Cincinnati O/U 1.5,Over,Direccional,1,247.6718,0.4385,0.435,28,0.55,8.655675565777637,Wallet 0x076d...8d4c,8.655675565777637,247.6718,1,1.0,0.0,0.0,45.0,100.0,
0xbabc896225844371b57a54468c5e2638a47fc64039765fb61c68d10f23885331,Atlanta Braves vs. Chicago White Sox,Atlanta Braves,Direccional,1,247.187,0.4799,0.525,3,1.0,15.722181782437195,RN1,15.722181782437195,247.187,1,1.0,0.0,0.0,45.0,100.0,
0xb43204e841f428ebaec0af5ea83dfe30c4d469526add34c56e6b83ac3df3a982,Will FK Vardar Skopje win on 2026-07-22?,No,Direccional,1,244.4149,0.6699,0.735,28,0.55,8.59857588499398,Wallet 0x076d...8d4c,8.59857588499398,244.4149,1,1.0,0.0,0.0,45.0,100.0,Revisar reglas: un pick NO puede incluir empate o una resolución distinta a clasificación.
0xb4528250bfbecacd1da31cd9dac28d32077c66cc921a8598da6b8e4265144507,Detroit Tigers vs. Cleveland Guardians,Detroit Tigers,Direccional,1,238.7426,0.476,0.535,1,1.0,15.4512976801303,swisstony,15.4512976801303,238.7426,1,1.0,0.0,0.0,45.0,100.0,
0x9d7d307368d0adb1bd350a139c120af2f0a1f59e7e46920b01ee25ec09b03a22,Will Grêmio FBPA win on 2026-07-23?,No,Direccional,1,235.9398,0.8096,0.825,28,0.55,8.44818261521376,Wallet 0x076d...8d4c,8.44818261521376,235.9398,1,1.0,0.0,0.0,45.0,100.0,Revisar reglas: un pick NO puede incluir empate o una resolución distinta a clasificación.
0x6a4a2c60f2302348d10044f94ad43b3f8bc944f70d1391a603889259dbcddb5d,CF Montréal vs. Inter Miami CF: O/U 3.5,Under,Direccional,1,233.6816,0.5498,0.545,28,0.55,8.407656272707634,Wallet 0x076d...8d4c,8.407656272707634,233.6816,1,1.0,0.0,0.0,45.0,100.0,
0x2f4e35f5779045bb3edab874ebcbe28974ffb8ec6338462c59f3afaaca93c4e7,Shanghai Haigang FC vs. Dalian Yingbo FC: O/U 2.5,Over,Direccional,1,230.0848,0.6056,0.385,1,1.0,15.168546403660438,swisstony,15.168546403660438,230.0848,1,1.0,0.0,0.0,45.0,100.0,
0x33c9be886cbaf2f34068e31214a43161d09bcefbc0ddc9da44d101541bf26390,St. Louis Cardinals vs. Cincinnati Reds: O/U 6.5,Over,Direccional,1,226.38,0.7777,0.735,1,1.0,15.045929682143274,swisstony,15.045929682143274,226.38,1,1.0,0.0,0.0,45.0,100.0,
0x9ec193ff9cc773755bb8a4e912fa29960c89d2931f6da86c197b2de92f0377f4,Boston Red Sox vs. New York Yankees: O/U 11.5,Under,Direccional,1,224.19,0.77,0.705,1,1.0,14.972975656161337,swisstony,14.972975656161337,224.19,1,1.0,0.0,0.0,45.0,100.0,
0x7df2322c3c356efc3d7313e50dc0bff380f559084678b34bcd084f888a85a77d,Hanshin Tigers vs. Yokohama BayStars,Hanshin Tigers,Direccional,1,221.8491,0.6699,0.6899,1,1.0,14.894599692506006,swisstony,14.894599692506006,221.8491,1,1.0,0.0,0.0,45.0,100.0,
0x6fc95f0ae8dbcbf691a68824a634b2cae70710a1e5cbe5714ad9938a7962447d,Cary: Yosuke Watanuki vs Braden Shick,Braden Shick,Direccional,1,219.3939,0.34,0.5,3,1.0,14.811951255658386,RN1,14.811951255658386,219.3939,1,1.0,0.0,0.0,45.0,100.0,
0x7818d9d6b2c434969839f6fd3b8808d673c84d9efedd2b09b2e4d1c3fea3973e,Will Nashville SC win on 2026-07-22?,Yes,Direccional,1,215.6058,0.6499,0.655,1,1.0,14.683521376018764,swisstony,14.683521376018764,215.6058,1,1.0,0.0,0.0,45.0,100.0,
0xf6638b8162abc0a42875c54c43776eec738d1799889dd30be4a52f6fd29cf1aa,KBO: Samsung Lions vs. Kia Tigers,Samsung Lions,Direccional,1,213.1391,0.5006,0.515,30,0.55,8.029606325966425,ndb1,8.029606325966425,213.1391,1,1.0,0.0,0.0,45.0,100.0,
0xd9fe4c5bce8217e33d4e0bfc43d94453192b79c85369c361a453c45a279506de,Spread: Inter Miami CF (-1.5),Chicago Fire FC,Direccional,1,212.9687,0.7299,0.735,1,1.0,14.593447159598723,swisstony,14.593447159598723,212.9687,1,1.0,0.0,0.0,45.0,100.0,
0x5d86a5119a0e402fff303244372d5fa94005cce1b286bf38f3300e19fc5d4f43,Game Handicap: NRG (-1.5) vs CCG Esports (+1.5),CCG Esports,Direccional,1,208.6168,0.5409,0.545,28,0.55,7.943965130839889,Wallet 0x076d...8d4c,7.943965130839889,208.6168,1,1.0,0.0,0.0,45.0,100.0,
0x5cbe3291e7b9b4582c17f1b4d4a87cf0aa3c72aab1fcc2fb11f0add4c1c4fa9a,Club Bolívar vs. Grêmio FBPA: O/U 2.5,Under,Direccional,1,203.5199,0.47,0.48,28,0.55,7.846322052401368,Wallet 0x076d...8d4c,7.846322052401368,203.5199,1,1.0,0.0,0.0,45.0,100.0,
0xf5832d72b7ff01d3224b0648f8b8f3d063a893275cafab5bae2f991a7b451228,Shanghai Shenhua FC vs. Beijing Guoan FC: O/U 4.5,Under,Direccional,1,200.1083,0.7099,0.7,1,1.0,14.145964088742769,swisstony,14.145964088742769,200.1083,1,1.0,0.0,0.0,45.0,100.0,
0x94b651b18a1a1052b2a03b5b7aac0d1e9f296aeae65bc8c4082500099404c20d,Club Bolívar vs. Grêmio FBPA: Grêmio FBPA O/U 0.5,Under,Direccional,1,195.525,0.3967,0.395,28,0.55,7.690663983038136,Wallet 0x076d...8d4c,7.690663983038136,195.525,1,1.0,0.0,0.0,45.0,100.0,
0x0041afcd73568dc4712defd37ae7c4b111abde9b87705cfc5e21dc2920fff8f5,Inter Miami CF vs. Chicago Fire FC: O/U 3.5,Over,Direccional,1,195.435,0.5,0.505,1,1.0,13.979806865618709,swisstony,13.979806865618709,195.435,1,1.0,0.0,0.0,45.0,100.0,
0x016602d116e9f23e24a554835130f29e68cc7f82a3013f3c50a2ce862a2bdfd6,Will Chicago Fire FC win on 2026-07-16?,No,Direccional,1,194.285,0.6447,0.455,1,1.0,13.938615426217915,swisstony,26.017990410048824,340.1963,2,0.5357299009855295,12.07937498383091,145.9113,45.0,53.6,Revisar reglas: un pick NO puede incluir empate o una resolución distinta a clasificación.
0x030ea2e34bd945bc37d3eda8f25eda47c0f4332898f499ae320ac5de1a8df14c,Azzurri United FC vs. Macarthur FC: O/U 5.5,Over,Direccional,1,193.7708,0.6085,0.625,28,0.55,7.656086924793893,Wallet 0x076d...8d4c,7.656086924793893,193.7708,1,1.0,0.0,0.0,45.0,100.0,
0xb439b0713caddfd8d76608553b90f1337f8bde77dfa8aac554c8f9a96a6e5d6c,Will Ferencvárosi TC win on 2026-07-23?,No,Direccional,1,192.1143,0.82,0.825,28,0.55,7.623291661087093,Wallet 0x076d...8d4c,7.623291661087093,192.1143,1,1.0,0.0,0.0,45.0,100.0,Revisar reglas: un pick NO puede incluir empate o una resolución distinta a clasificación.
0x3c76ea2c99671e6574bab2ab04328cdb2bcf1ff70fde450e711ed0bb45bf5dd7,Will Chicago Fire FC vs. Vancouver Whitecaps FC end in a draw?,No,Direccional,1,191.5199,0.75,0.84,1,1.0,13.839071500646277,swisstony,13.839071500646277,191.5199,1,1.0,0.0,0.0,45.0,100.0,Revisar reglas: un pick NO puede incluir empate o una resolución distinta a clasificación.
0x13013212ba123b175eecd8ebd6fd04bafed56454a965b510885d6d851bb2e3f9,LoL: NRG Esports vs CCG Esports (BO3) - North American Challengers League Group Stage,CCG Esports,Direccional,1,183.3701,0.2699,0.265,28,0.55,7.4477819013448565,Wallet 0x076d...8d4c,7.4477819013448565,183.3701,1,1.0,0.0,0.0,45.0,100.0,
0xa99bbfe20427fabfaf526099c20c51b0979fa4bd0ea9be2a3a440fcb8a1dd04e,Estoril Open: Luca Van Assche vs Pablo Carreno Busta,Pablo Carreno Busta,Direccional,1,181.8699,0.6483,0.65,28,0.55,7.417253180928908,Wallet 0x076d...8d4c,7.417253180928908,181.8699,1,1.0,0.0,0.0,45.0,100.0,
0x4d3b8b0cfad46fc18b359cbe2dab58cee42696cda7ada693ef91085529440d5f,Will Real Salt Lake win on 2026-07-22?,No,Direccional,1,174.2344,0.7983,0.785,1,1.0,13.19978787708348,swisstony,13.19978787708348,174.2344,1,1.0,0.0,0.0,45.0,100.0,Revisar reglas: un pick NO puede incluir empate o una resolución distinta a clasificación.
0x31f34c82ad83b4b4e13b63cc9cb51b15d8e8d9712c7a90cc36515f1af1a0a244,Will San Diego FC win on 2026-07-22?,Yes,Direccional,1,173.1095,0.3002,0.2849,1,1.0,13.157108344921387,swisstony,25.794220356769664,332.8061,2,0.5100797063427551,12.637112011848277,159.69660000000002,45.0,51.0,
0xf95809b326dcf1ae5b03d6c1cd84d16900cb6394f8a7fff40a88b110a19ab9ae,Segovia: Florent Bax vs Paul Inchauspe,Paul Inchauspe,Direccional,1,172.6694,0.5699,0.595,1,1.0,13.140372901862412,swisstony,13.140372901862412,172.6694,1,1.0,0.0,0.0,45.0,100.0,
0x9cad142db68702d0f2d92c6a1e738d5a22bead8c2b90de5d2329db4b95c90ff6,Will FK Dynama-Minsk win on 2026-07-22?,Yes,Direccional,1,170.925,0.19,0.215,3,1.0,13.073828819439239,RN1,13.073828819439239,170.925,1,1.0,0.0,0.0,45.0,100.0,
0xefbdaf213a482fcf7d32f78a4a0965f8e41ab8bf2211a3d0a2d72ee33b894aaf,Will Jacob Misiorowski win the 2026 NL Cy Young Award?,Yes,Direccional,1,170.4435,0.1923,0.6105,30,0.55,7.180470649616222,ndb1,7.180470649616222,170.4435,1,1.0,0.0,0.0,45.0,100.0,
0xd223ca20e627cf9097e40cf8839403a82a924a3b29ff946afe196858123e2c0e,KBO: Hanwha Eagles vs. NC Dinos,NC Dinos,Direccional,1,169.0639,0.4534,0.585,1,1.0,13.002457460034238,swisstony,13.002457460034238,169.0639,1,1.0,0.0,0.0,45.0,100.0,
0xc41c5deda6340c89b99d92b441936312850a3d0d9696ad8d67eceef2614a1c86,Chicago Fire FC vs. Vancouver Whitecaps FC: O/U 3.5,Under,Direccional,1,168.0,0.59,0.75,1,1.0,12.96148139681572,swisstony,12.96148139681572,168.0,1,1.0,0.0,0.0,45.0,100.0,
0xa672d7914b6cf5c2ede7368a159485b46d2319e551b3bc26aa242d6c808f0090,San Francisco Giants vs. Kansas City Royals,San Francisco Giants,Direccional,1,167.8768,0.5199,0.535,1,1.0,12.956727982017682,swisstony,12.956727982017682,167.8768,1,1.0,0.0,0.0,45.0,100.0,
0x8fe1221fb02fad3e0a6a7ef0081a6b8def32959d6618ac92b6bc8d1da3ff6e70,Portland Timbers vs. FC Dallas: O/U 4.5,Under,Direccional,1,163.7013,0.7524,0.76,1,1.0,12.79458088410871,swisstony,12.79458088410871,163.7013,1,1.0,0.0,0.0,45.0,100.0,
0x6519013d52340b574bc829411308041c1b208a63eb0a9c9bc259e0da67fb9985,San Jose Earthquakes vs. Orlando City SC: San Jose Earthquakes O/U 2.5,Over,Direccional,1,162.8257,0.4334,0.43,1,1.0,12.760317394171667,swisstony,12.760317394171667,162.8257,1,1.0,0.0,0.0,45.0,100.0,
0x90ccd5a711854279acb4bfea911c0ef952c54d1d32e7db793047ff11d017295e,KBO: LG Twins vs. Samsung Lions,LG Twins,Direccional,1,161.2125,0.5307,0.515,1,1.0,12.69694845228569,swisstony,20.640639408006464,369.81489999999997,2,0.6151431746518748,7.943690955720774,208.60239999999996,45.0,61.5,
0xfdd3119f3fdd3da61c2e3368ea21512dbe2660814d7b802433a65fb6635efcb2,Minnesota Lynx vs. Seattle Storm,Minnesota Lynx,Direccional,1,161.0,0.78,0.805,1,1.0,12.68857754044952,swisstony,12.68857754044952,161.0,1,1.0,0.0,0.0,45.0,100.0,
0x57386fa65bb2d5264e28c20dc9ee89240d5f30f7615c6010ff6eb22a3c50e1e3,Will Count Binface win less than 10% of votes in the Clacton parliamentary by-election?,No,Direccional,1,154.6742,0.5926,0.605,15,0.75,9.327606204166212,Wallet 0x006c...16ea,9.327606204166212,154.6742,1,1.0,0.0,0.0,45.0,100.0,Revisar reglas: un pick NO puede incluir empate o una resolución distinta a clasificación.
0x660f822831442d4a2ab3b5ce428e45afb5ad0108909096651d07553dfe6cf118,Will Gimcheon Sangmu FC win on 2026-07-22?,No,Direccional,1,152.9141,0.4814,0.505,1,1.0,12.36584408764723,swisstony,12.36584408764723,152.9141,1,1.0,0.0,0.0,45.0,100.0,Revisar reglas: un pick NO puede incluir empate o una resolución distinta a clasificación.
0x706da086a4ce7b326ab0ace3d03d1bc2d5ca3a129a6c56984103e25008ff2c5a,Gwangju FC vs. Gimcheon Sangmu FC: Gwangju FC O/U 1.5,Over,Direccional,1,152.1199,0.2299,0.23,1,1.0,12.333689634492996,swisstony,12.333689634492996,152.1199,1,1.0,0.0,0.0,45.0,100.0,
0xadbd94e94a7b334a06172b3170cdf3c12ee62489a0b2092bd46d17fd8c1010c7,Tigers FC vs. Western Sydney Wanderers FC: Both Teams to Score,Yes,Direccional,1,151.4312,0.4531,0.425,28,0.55,6.768156174321039,Wallet 0x076d...8d4c,6.768156174321039,151.4312,1,1.0,0.0,0.0,45.0,100.0,
0xccbb9b961dbe295adfedb8d15dd763f4697ec5f782ec0adbe2d9fd6ed0ba40cb,KBO: NC Dinos vs. Doosan Bears,Doosan Bears,Direccional,1,151.0879,0.5397,0.585,1,1.0,12.29178180737032,swisstony,12.29178180737032,151.0879,1,1.0,0.0,0.0,45.0,100.0,
0xd09586ee6d7c486dfbbecdb087327e8b0df1389331a27ce3f0b7f71cf85929ff,Will CF Montréal win on 2026-07-22?,Yes,Direccional,1,150.2164,0.1399,0.135,1,1.0,12.256280022910703,swisstony,12.256280022910703,150.2164,1,1.0,0.0,0.0,45.0,100.0,
0xb06f31599165bedffcb3f6d6952711f0628be53d254cb75b51c548490cac1f20,FK Bodø/Glimt vs. Hamarkameratene: FK Bodø/Glimt O/U 0.5,Over,Direccional,1,149.3213,0.9679,0.971,1,1.0,12.219709489181811,swisstony,12.219709489181811,149.3213,1,1.0,0.0,0.0,45.0,100.0,
0x0576251dc10b84c4c52e3493ad76c1048b1fdf76046bb88dc274263d51c131d4,Associação Chapecoense de Futebol vs. CR Flamengo: Associação Chapecoense de Futebol O/U 0.5,Over,Direccional,1,148.4992,0.5299,0.54,28,0.55,6.702313630381677,Wallet 0x076d...8d4c,6.702313630381677,148.4992,1,1.0,0.0,0.0,45.0,100.0,
0xc7b64e33d63edeedbeabf5a50516ad83301dd11fe2e0611a7a61a5700d700dec,Spread: Universitatea Craiova CS (-1.5),PFK Levski Sofia,Direccional,1,148.0,0.91,0.925,3,1.0,12.165525060596439,RN1,12.165525060596439,148.0,1,1.0,0.0,0.0,45.0,100.0,
0x13c04fc860cff263f0d390c11c704600a1accf7aec2cffaf22adb997ce81b496,KBO: NC Dinos vs. KT Wiz,NC Dinos,Direccional,1,146.4,0.42,0.6,1,1.0,12.09958676980334,swisstony,12.09958676980334,146.4,1,1.0,0.0,0.0,45.0,100.0,
0xa092f083f8af6f8f4048690c2cc243c85fafda60c841bb06d7f383d41ce5dbc3,Will Coritiba FBC vs. SE Palmeiras end in a draw?,Yes,Direccional,1,143.0098,0.2799,0.275,1,1.0,11.958670494666203,swisstony,11.958670494666203,143.0098,1,1.0,0.0,0.0,45.0,100.0,
0x992540794f425bce211e7eb1888da771fed250477aaa1b7715ec3eaadc3dcedb,Club Bolívar vs. Grêmio FBPA: Club Bolívar O/U 1.5,Over,Direccional,1,141.2446,0.5675,0.555,28,0.55,6.536550428169281,Wallet 0x076d...8d4c,6.536550428169281,141.2446,1,1.0,0.0,0.0,45.0,100.0,
0x24d97408c3454a93f1a783e7cbc8061e95ce2ab613f5bb5cf4a3f9cafe1202a5,FC Seoul vs. Pohang Steelers FC: O/U 1.5,Over,Direccional,1,141.0646,0.68,0.6949,1,1.0,11.877061926250954,swisstony,11.877061926250954,141.0646,1,1.0,0.0,0.0,45.0,100.0,
0x3bab6ac1aa5a2dd0b1f5982bf57f8fab752419261669d5c1bc7d0f7752defa9f,Will FK Bodø/Glimt win on 2026-07-26?,Yes,Direccional,1,138.7624,0.6981,0.7,28,0.55,6.478859930574206,Wallet 0x076d...8d4c,6.478859930574206,138.7624,1,1.0,0.0,0.0,45.0,100.0,
0x5f8d3367c5cca317960f6ddab5f8b7d9795e2cab0f84c6cf059a4da0c648ad46,Will Europe Win the WSOP Main Event,Yes,Direccional,1,138.3088,0.1295,0.14,30,0.55,6.468261899459545,ndb1,6.468261899459545,138.3088,1,1.0,0.0,0.0,45.0,100.0,
0x8e094492db2c8dc1a4728da101af724426d5caa8d4b9c22be84b7f72ce38292d,Will Operário Ferroviário EC win on 2026-07-22?,Yes,Direccional,1,137.4649,0.6999,0.705,28,0.55,6.448498449251578,Wallet 0x076d...8d4c,6.448498449251578,137.4649,1,1.0,0.0,0.0,45.0,100.0,
0xe435d91b391c7889b2248f28fe30af987ff0d5ed8e6f31d42167a644c28132ae,FC Cincinnati vs. Vancouver Whitecaps FC: O/U 2.5,Under,Direccional,1,136.6445,0.3338,0.305,28,0.55,6.42922711140305,Wallet 0x076d...8d4c,6.42922711140305,136.6445,1,1.0,0.0,0.0,45.0,100.0,
0xba9d86bef409265b49494e1803a3e760e0adc5dcba30526365a02ca086af4a78,Spread: Cincinnati Reds (-1.5),Cincinnati Reds,Direccional,1,136.5,0.37,0.26,1,1.0,11.683321445547923,swisstony,11.683321445547923,136.5,1,1.0,0.0,0.0,45.0,100.0,
0x88aae69de113ab812fd73ac8edd98e813757e6133e63a7fbf6d271d7da179a4b,ITF Uslar: Oleksii Krutykh vs Ruben Hartig,Oleksii Krutykh,Direccional,1,134.7539,0.6939,1.0,3,1.0,11.608354749920421,RN1,11.608354749920421,134.7539,1,1.0,0.0,0.0,45.0,100.0,
0xea9aa8ef9341974cb483aba956c6ec4989209cedf5f5d3394a8c25e70c3aedd7,Nashville SC vs. CF Montréal: O/U 5.5,Under,Direccional,1,133.3466,0.9,0.905,1,1.0,11.54757983302129,swisstony,11.54757983302129,133.3466,1,1.0,0.0,0.0,45.0,100.0,
0xb48ea6ced7738277b8565e52a1d57244d4ceb84c5a992206a71c40c2cfe6adeb,Spread: Bucheon FC 1995 (-1.5),FC Anyang,Direccional,1,132.8358,0.8607,0.885,1,1.0,11.525441423216726,swisstony,11.525441423216726,132.8358,1,1.0,0.0,0.0,45.0,100.0,
0xda4d52beb435d244545e9b1e4b051266ce416378ae3f0b9f4a2edf5402acae6a,FC Seoul vs. Pohang Steelers FC: O/U 2.5,Over,Direccional,1,132.291,0.41,0.425,1,1.0,11.501782470556465,swisstony,11.501782470556465,132.291,1,1.0,0.0,0.0,45.0,100.0,
0xb8d3be712e630ea2de1410089a5f97428c3c649779a3b6c2d2a1d9f78623f4af,Estoril Open: Hugo Gaston vs Titouan Droguet,Titouan Droguet,Direccional,1,129.6763,0.61,0.605,1,1.0,11.387550219428233,swisstony,22.18234376770881,514.8914,2,0.513361001825482,10.794793548280579,385.2151,45.0,51.3,
0xfd92a7186559b3eabfd8d14d5c737521e0b66392d51e896b2d363d70f64ded0d,Will Cuiabá EC win on 2026-07-23?,Yes,Direccional,1,128.149,0.4399,0.48,28,0.55,6.226160333624569,Wallet 0x076d...8d4c,6.226160333624569,128.149,1,1.0,0.0,0.0,45.0,100.0,
0x2bafb028674033ea900d13e909ab079b31a1300d4ef148ebc99b96b22493d752,Sporting Kansas City vs. Minnesota United FC: O/U 2.5,Under,Direccional,1,127.125,0.38,0.375,1,1.0,11.27497228377968,swisstony,11.27497228377968,127.125,1,1.0,0.0,0.0,45.0,100.0,
0xdf1d2bd36d2d9333ebba3eb4476bea1e6aec89f873547d6747bbff9e6ca2f8cb,Will Athletic Club win on 2026-07-23?,Yes,Direccional,1,126.48,0.45,0.465,28,0.55,6.185483004584202,Wallet 0x076d...8d4c,6.185483004584202,126.48,1,1.0,0.0,0.0,45.0,100.0,
0x33e0fd8f3a8b8e30b9184a3d25ba57c04f911f59568c54ab3c1329a438cd6bbc,ITF Kursumlijska Banja: Andrea Fiorentini vs Pedro Vives Marcos,Pedro Vives Marcos,Direccional,1,126.3757,0.82,0.83,1,1.0,11.24169471209746,swisstony,11.24169471209746,126.3757,1,1.0,0.0,0.0,45.0,100.0,
0x00a0ed8e3fa467e34eedda59126da4932a4a364b111ca6c9005a2b6125fe5320,Spread: Western Sydney Wanderers FC (-2.5),Western Sydney Wanderers FC,Direccional,1,126.0746,0.5814,0.615,28,0.55,6.175562039199347,Wallet 0x076d...8d4c,6.175562039199347,126.0746,1,1.0,0.0,0.0,45.0,100.0,
0x82d7c61c0c30b0e0bfbc0665f26ce5f8b011447bcfe9a2bb1f54c09998e15762,Detroit Tigers vs. Chicago Cubs: O/U 8.5,Under,Direccional,1,123.3274,0.5399,0.535,1,1.0,11.10528702915868,swisstony,11.10528702915868,123.3274,1,1.0,0.0,0.0,45.0,100.0,
0x87e8df9913ce69d43798f45e6236fd4e1f460ef4b870a98c5907cbd3f0ae6aab,Spread: Chicago Fire FC (-1.5),Chicago Fire FC,Direccional,1,122.6117,0.1499,0.155,1,1.0,11.073016752448268,swisstony,11.073016752448268,122.6117,1,1.0,0.0,0.0,45.0,100.0,
0xf8bd3e6a6566dc8bb3dea132617b2de194be59b9a3ac71fe189079d2cf8f8f31,FC Cincinnati vs. Vancouver Whitecaps FC: O/U 3.5,Under,Direccional,1,119.2997,0.5183,0.515,1,1.0,10.92244020354426,swisstony,10.92244020354426,119.2997,1,1.0,0.0,0.0,45.0,100.0,
0x39aee37ef4f9d04e9e3c85bb7435f952a43bba8c5676eeeb34fab821d48e4dce,Houston Dynamo vs. D.C. United SC: Houston Dynamo O/U 0.5,Over,Direccional,1,118.5715,0.8299,0.84,1,1.0,10.889054137068104,swisstony,10.889054137068104,118.5715,1,1.0,0.0,0.0,45.0,100.0,
0x227ceda7a51e68b609dcfbd7475c5a64a9bd5e30c4316e23abe65ae99b170ee9,Lillestrøm SK vs. Viking FK: Both Teams to Score,No,Direccional,1,115.8743,0.34,0.355,3,1.0,10.764492556549055,RN1,10.764492556549055,115.8743,1,1.0,0.0,0.0,45.0,100.0,Revisar reglas: un pick NO puede incluir empate o una resolución distinta a clasificación.
0x8240d9450bb180fa511177b4395964ed30f6d6c2b0a51ff53a71e8c834553059,Will New England Revolution win on 2026-07-22?,No,Direccional,1,115.2706,0.5,0.495,1,1.0,10.736414671574492,swisstony,10.736414671574492,115.2706,1,1.0,0.0,0.0,45.0,100.0,Revisar reglas: un pick NO puede incluir empate o una resolución distinta a clasificación.
0xde19280b80c138dc958aa7164bea61094e1ee9641adce20a097a16a98c5ce6a5,ITF Ollersbach: Fares Zakaria vs David Bakonyi,Fares Zakaria,Direccional,1,115.1375,0.6512,0.605,28,0.55,5.901617892578272,Wallet 0x076d...8d4c,5.901617892578272,115.1375,1,1.0,0.0,0.0,45.0,100.0,
0x72dd1ad8175ead3e78e6869dfe1a9d4d33c1b6d0741d99cb19e8812b4830625b,Spread: Milwaukee Brewers (-1.5),Milwaukee Brewers,Direccional,1,114.0299,0.3899,0.39,1,1.0,10.67847835602058,swisstony,10.67847835602058,114.0299,1,1.0,0.0,0.0,45.0,100.0,
0x38e640919830ed58dd7e2ac2e45c0ebbde073ffd78bf01086c7301e780659e13,KBO: Hanwha Eagles vs. Kia Tigers,Hanwha Eagles,Direccional,1,112.5988,0.4201,0.425,1,1.0,10.611258172337529,swisstony,10.611258172337529,112.5988,1,1.0,0.0,0.0,45.0,100.0,
0x6ed31bf63662b2f4f06135ec1ca3a442116970025f8aee05f2fd198af2296d18,Los Angeles Galaxy vs. St. Louis City SC: St. Louis City SC O/U 1.5,Over,Direccional,1,111.73,0.3998,0.4,28,0.55,5.813632685335392,Wallet 0x076d...8d4c,5.813632685335392,111.73,1,1.0,0.0,0.0,45.0,100.0,
0xabbf27aba65e916bb7a99e7f29c547a6c67794a9b0a88662ef3b3d0910915789,Philadelphia Union vs. New York Red Bulls: O/U 3.5,Under,Direccional,1,111.5204,0.5699,0.575,1,1.0,10.560321964788763,swisstony,10.560321964788763,111.5204,1,1.0,0.0,0.0,45.0,100.0,
0x631a8a75cf199c080321ca3ba833c5e4c9aae35071e7a37287ad3044f1d62bfc,Will Tianjin Jinmen Hu FC vs. Liaoning Tieren FC end in a draw?,No,Direccional,1,111.0885,0.7103,0.775,1,1.0,10.53985294015054,swisstony,10.53985294015054,111.0885,1,1.0,0.0,0.0,45.0,100.0,Revisar reglas: un pick NO puede incluir empate o una resolución distinta a clasificación.
0xf4bae0e3fe8c07460a3b7efbc5c1105bcaccaa71428c92af06cf7c63857142e6,Will Henan FC win on 2026-07-11?,No,Direccional,1,110.8056,0.576,0.5649,1,1.0,10.526423894181727,swisstony,10.526423894181727,110.8056,1,1.0,0.0,0.0,45.0,100.0,Revisar reglas: un pick NO puede incluir empate o una resolución distinta a clasificación.
0x3a386263109b82a74ab4b1846e4f025f14bcd6c55bacfa834824a68b952fc7bf,Segovia: Akira Santillan vs Mert Alkaya,Akira Santillan,Direccional,1,108.3,0.469,0.475,1,1.0,10.406728592598157,swisstony,10.406728592598157,108.3,1,1.0,0.0,0.0,45.0,100.0,
0x95816a83b5c352b955416bbde283a26ce24c200d9ac829b8188589421a3657b4,Will SK Dinamo Tbilisi vs. FK Žalgiris Vilnius end in a draw?,Yes,Direccional,1,107.0735,0.2901,0.295,28,0.55,5.691197918716235,Wallet 0x076d...8d4c,5.691197918716235,107.0735,1,1.0,0.0,0.0,45.0,100.0,
0x8898e349c7ded7166fa761fc08c7d3e82c7a217a318526b8641a0231e6674d78,Zug: Max Alcala Gurri vs Dylan Dietrich,Dylan Dietrich,Direccional,1,106.9463,0.553,0.518,28,0.55,5.687816430757941,Wallet 0x076d...8d4c,5.687816430757941,106.9463,1,1.0,0.0,0.0,45.0,100.0,
0x2c08f749de4443542bc911b5081768abd01f0e1364c45019a4531553c8c9d0ee,Estoril Open: Alejandro Tabilo vs Tiago Torres,Tiago Torres,Direccional,1,105.11,0.12,0.115,28,0.55,5.638774246234726,Wallet 0x076d...8d4c,5.638774246234726,105.11,1,1.0,0.0,0.0,45.0,100.0,
0x2897372c1e1aadfcc6c8b781b3a026f1d856605d00fa63d3a35440b508d24401,Connecticut Sun vs. Indiana Fever,Indiana Fever,Direccional,1,103.0718,0.8159,0.805,28,0.55,5.583835554527014,Wallet 0x076d...8d4c,5.583835554527014,103.0718,1,1.0,0.0,0.0,45.0,100.0,
0x79bae2288832301a281f93bef40e3a53b72bf709158e719b3e68fd4577a54bdb,Will FC Baník Ostrava win on 2026-07-25?,Yes,Direccional,1,101.996,0.4,0.43,28,0.55,5.554618798801589,Wallet 0x076d...8d4c,5.554618798801589,101.996,1,1.0,0.0,0.0,45.0,100.0,
0xf1eeb99016f4fdd68b1a61320910a71443c51aaa996a73d8cc182718b751fa25,KBO: Hanwha Eagles vs. Lotte Giants,Hanwha Eagles,Direccional,1,101.6094,0.52,0.5225,30,0.55,5.54408184463397,ndb1,5.54408184463397,101.6094,1,1.0,0.0,0.0,45.0,100.0,
0x5c76a448a968f53ac301b42f11a90ed7ebc3d1da99f628ec144263d5cb1116cf,Will FC Sheriff Tiraspol vs. MH Maccabi Tel Aviv end in a draw?,Yes,Direccional,1,100.9096,0.2799,0.29,28,0.55,5.52495737540119,Wallet 0x076d...8d4c,5.52495737540119,100.9096,1,1.0,0.0,0.0,45.0,100.0,
0x28957b421c4e6ed15413339d5146e7b53e16fbdf225244224835e3cefc8c3165,Spread: Chicago White Sox (-1.5),Chicago White Sox,Direccional,1,100.48,0.31,0.32,1,1.0,10.023971268913334,swisstony,10.023971268913334,100.48,1,1.0,0.0,0.0,45.0,100.0,
0x5ed8f115701f54d62aa442bb064241e8a8236193d4bdee7b43ab4e3ec3732bcf,Will FC Cincinnati win on 2026-07-22?,Yes,Direccional,1,100.1393,0.2399,0.235,1,1.0,10.006962576126684,swisstony,10.006962576126684,100.1393,1,1.0,0.0,0.0,45.0,100.0,
0x31f34c82ad83b4b4e13b63cc9cb51b15d8e8d9712c7a90cc36515f1af1a0a244,Will San Diego FC win on 2026-07-22?,No,Direccional,1,159.6966,0.7002,0.715,1,1.0,12.637112011848277,swisstony,25.794220356769664,332.8061,2,0.4899202936572449,13.157108344921387,173.10950000000003,44.8,49.0,Revisar reglas: un pick NO puede incluir empate o una resolución distinta a clasificación.
0xdb120e0c5fcc7f8ef84666410719b0a389e37951784dec1d9a93cd8d90dd7703,Will Colorado Rapids SC win on 2026-07-22?,No,Direccional,1,106.09,0.54,0.515,1,1.0,10.3,swisstony,20.416071371832054,208.4249,2,0.5045045059065995,10.116071371832053,102.3349,44.7,50.5,Revisar reglas: un pick NO puede incluir empate o una resolución distinta a clasificación.
0x4b1205f15acbe056307f5fc5d6022808f0a2a10f67a3f61cbb59edd821cc823a,Will Viking FK win on 2026-05-30?,Yes,Direccional,1,336.1344,0.4284,0.4325,1,1.0,18.33396847384657,swisstony,40.77149020071329,725.7942,3,0.44967619244699136,22.437521726866716,389.6598,44.5,45.0,
0xdb120e0c5fcc7f8ef84666410719b0a389e37951784dec1d9a93cd8d90dd7703,Will Colorado Rapids SC win on 2026-07-22?,Yes,Direccional,1,102.3349,0.46,0.485,1,1.0,10.116071371832051,swisstony,20.416071371832054,208.4249,2,0.49549549409340043,10.300000000000002,106.09,44.4,49.5,
0x85d7e77f46e92faec56205028d9f5102bc0fd1ca616bc738e5701ef58b8c9eab,Chicago Fire FC vs. Vancouver Whitecaps FC: O/U 2.5,Over,Direccional,1,336.108,0.6595,0.42,1,1.0,18.33324848465214,swisstony,41.2564790597696,861.5825,2,0.4443725907412547,22.92323057511746,525.4745,44.3,44.4,
0x2307c8dd123f120f7d8a890646229f3b0211e182534e925e9604942317b7eddd,Exact Score: Chicago Fire FC 3 - 3 Vancouver Whitecaps FC?,No,Marcador exacto / posible cobertura,1,927.9257,0.9739,0.965,1,1.0,30.46187289054959,swisstony,30.46187289054959,927.9257,1,1.0,0.0,0.0,44.2,100.0,Revisar reglas: un pick NO puede incluir empate o una resolución distinta a clasificación.
0x7beb03b48f520e43ae2e217fefe3a48f6948018d3da07678e22708463789afa0,Exact Score: Chicago Fire FC 3 - 2 Vancouver Whitecaps FC?,No,Marcador exacto / posible cobertura,1,921.6241,0.9583,0.75,1,1.0,30.358262466748652,swisstony,30.358262466748652,921.6241,1,1.0,0.0,0.0,44.2,100.0,Revisar reglas: un pick NO puede incluir empate o una resolución distinta a clasificación.
0x016602d116e9f23e24a554835130f29e68cc7f82a3013f3c50a2ce862a2bdfd6,Will Chicago Fire FC win on 2026-07-16?,Yes,Direccional,1,145.9113,0.3384,0.545,1,1.0,12.079374983830911,swisstony,26.017990410048824,340.1963,2,0.46427009901447047,13.938615426217913,194.285,43.9,46.4,
0xba9987738b849610b4f2e9aa67a07434c891e3e9254dde20aa87af894de74c86,Bucheon FC 1995 vs. FC Anyang: Both Teams to Score,Yes,Direccional,1,270.028,0.4689,0.495,1,1.0,16.432528715934136,swisstony,37.650198239234754,720.2175,2,0.4364526479122233,21.217669523300618,450.18949999999995,43.8,43.6,
0xbaaebdf982b987694de4f2dbf4605eead94012ada2c5507167a72102484bbedb,Exact Score: Chicago Fire FC 2 - 2 Vancouver Whitecaps FC?,No,Marcador exacto / posible cobertura,1,567.435,0.91,0.905,1,1.0,23.82089418976542,swisstony,23.82089418976542,567.435,1,1.0,0.0,0.0,43.6,100.0,Revisar reglas: un pick NO puede incluir empate o una resolución distinta a clasificación.
0x841fb7a9055ca17285ff76a882274972b072eda7569d4fe6daef56fa29a8ee6b,Exact Score: Chicago Fire FC 0 - 0 Vancouver Whitecaps FC?,No,Marcador exacto / posible cobertura,1,553.8682,0.9609,0.755,1,1.0,23.534404602623795,swisstony,23.534404602623795,553.8682,1,1.0,0.0,0.0,43.6,100.0,Revisar reglas: un pick NO puede incluir empate o una resolución distinta a clasificación.
0x4aa3bbbfcca55802fe284e7f4fd47543832ed089d612311e3f643a6f6f57ff2e,Exact Score: Chicago Fire FC 1 - 1 Vancouver Whitecaps FC?,No,Marcador exacto / posible cobertura,1,518.4375,0.88,0.79,1,1.0,22.76922264812745,swisstony,22.76922264812745,518.4375,1,1.0,0.0,0.0,43.5,100.0,Revisar reglas: un pick NO puede incluir empate o una resolución distinta a clasificación.
0xa377d7336126381a5cad079c4e4e5ca5aaa1e1982d921002b3a8665632353808,ITF Brisbane: Ya Yi Yang vs Jizelle Sibai,Jizelle Sibai,Direccional,1,420.5034,0.3155,0.2755,3,1.0,20.506179556416647,RN1,50.216452190642,1303.2037,2,0.40835580097468616,29.710272634225355,882.7003,43.5,40.8,
0xda9fcfe15a8a3132eb7836193db3cc96ffbf0bdc45943de1e372adee6b0ef214,Exact Score: Chicago Fire FC 0 - 3 Vancouver Whitecaps FC?,No,Marcador exacto / posible cobertura,1,489.1205,0.9699,0.754,1,1.0,22.11606881884753,swisstony,22.11606881884753,489.1205,1,1.0,0.0,0.0,43.4,100.0,Revisar reglas: un pick NO puede incluir empate o una resolución distinta a clasificación.
0x60d0badc8638ae1c41a4506c2205af08e0775b655c83d9abf34ba1a74da9b18c,Exact Score: Chicago Fire FC 1 - 3 Vancouver Whitecaps FC?,No,Marcador exacto / posible cobertura,1,484.2884,0.9467,0.75,1,1.0,22.00655356933475,swisstony,22.00655356933475,484.2884,1,1.0,0.0,0.0,43.4,100.0,Revisar reglas: un pick NO puede incluir empate o una resolución distinta a clasificación.
0x5f8572697a9b224cdc73ae44a99a13c4878166e06899e20535b7a0d0859100bb,Spread: Boston Red Sox (-1.5),Baltimore Orioles,Direccional,1,250.3741,0.64,0.595,1,1.0,15.823213959243551,swisstony,38.33509082457844,757.1587,2,0.4127605705083798,22.511876865334884,506.78459999999995,43.0,41.3,
0x55f83890e325bb4c7345346f6a259ce65aebd925a9a1042bde732e48507e162e,Will Atlanta United FC win on 2026-07-22?,No,Direccional,1,157.29,0.7432,0.735,1,1.0,12.541531007018241,swisstony,29.078160046819555,430.7501,2,0.43130414671439915,16.536629039801312,273.4601,43.0,43.1,Revisar reglas: un pick NO puede incluir empate o una resolución distinta a clasificación.
0x7a21369408e97dfa30ef41ab0b1809abea0bb44913ebe50faf4e08eaddf5d750,Exact Score: PFK Levski Sofia 0 - 1 Universitatea Craiova CS?,No,Marcador exacto / posible cobertura,1,296.0,0.91,0.925,3,1.0,17.204650534085253,RN1,17.204650534085253,296.0,1,1.0,0.0,0.0,42.8,100.0,Revisar reglas: un pick NO puede incluir empate o una resolución distinta a clasificación.
0x3ebb3d62e20300aec0695e28d34ace145882b9ccae7af182103a24361f5c5db6,Exact Score: Chicago Fire FC 2 - 1 Vancouver Whitecaps FC?,No,Marcador exacto / posible cobertura,1,217.845,0.91,0.705,1,1.0,14.75957316456001,swisstony,14.75957316456001,217.845,1,1.0,0.0,0.0,42.4,100.0,Revisar reglas: un pick NO puede incluir empate o una resolución distinta a clasificación.
0xf330a9c9053053882f094c3cd3dd63984f7a6a32ca94a933eb0094fce730b788,Livesport Prague Open: Marie Bouzkova vs Carol Young Suh Lee,Carol Young Suh Lee,Direccional,1,760.9791,0.1927,0.165,1,1.0,27.585849633462445,swisstony,80.71163556623321,2928.5778999999998,3,0.34178281037094177,53.12578593277077,2167.5987999999998,42.2,34.2,
0x3e9646ce87a96f3e3f972e9267e742969ceb6c1998c3a7f7395bd691d7c26970,ITF Bacau: Tudor Batin vs Oleksandr Ovcharenko,Oleksandr Ovcharenko,Direccional,1,230.2067,0.5175,0.59,3,1.0,15.172564054898565,RN1,39.73697530369506,833.617,2,0.3818248354068282,24.564411248796496,603.4103,42.0,38.2,
0x44e44f4440467c1b409bfb6f5b9a7d9a42f8f3854993abb3f06d8b359ca31ad7,Exact Score: Chicago Fire FC 0 - 1 Vancouver Whitecaps FC?,No,Marcador exacto / posible cobertura,1,158.7834,0.9393,0.75,1,1.0,12.600928537215026,swisstony,12.600928537215026,158.7834,1,1.0,0.0,0.0,42.0,100.0,Revisar reglas: un pick NO puede incluir empate o una resolución distinta a clasificación.
0xe2e5a1d649c5e71e33323dc6f61aa88d9d656c240a07e774e4a3721056d71b2f,Exact Score: PFK Levski Sofia 2 - 0 Universitatea Craiova CS?,Yes,Marcador exacto / posible cobertura,1,147.05,0.08,0.085,3,1.0,12.126417442921879,RN1,12.126417442921879,147.05,1,1.0,0.0,0.0,42.0,100.0,
0x5e8183c7283aea065604f3c24323e79b55c60b40b0afd7eaf989989945cda6c2,ITF Brisbane: Daisuke Sumizawa vs Jake Delaney,Jake Delaney,Direccional,1,193.7031,0.9267,0.875,3,1.0,13.917726107378318,RN1,36.02968441052279,682.6418,2,0.3862849851472338,22.111958303144473,488.9387,41.9,38.6,
0x7453466521ed6a2ef40639e620f9c681d502ea0eb8b04600350dd22162330f6a,Shanghai Haigang FC vs. Dalian Yingbo FC: O/U 1.5,Over,Direccional,1,402.2156,0.8281,0.605,1,1.0,20.05531351038921,swisstony,56.46786903729504,1728.0898,2,0.3551632787336704,36.41255552690583,1325.8742,41.8,35.5,
0x427c61f76fb6c2404cdf72a50b68fd4e9d5a39836e1e0ef063937458dc74abd5,Exact Score: Chicago Fire FC 2 - 3 Vancouver Whitecaps FC?,Yes,Marcador exacto / posible cobertura,1,110.282,0.0389,0.22,1,1.0,10.50152369896864,swisstony,10.50152369896864,110.282,1,1.0,0.0,0.0,41.6,100.0,
0x198631be68310036030d5988e191c41a3790198d2aee0e9f2032ea68496d78d1,Will Coritiba FBC win on 2026-07-22?,Yes,Direccional,1,453.788,0.2,0.205,1,1.0,21.30230034526788,swisstony,63.878890157041205,2266.554,2,0.33347949992396325,42.576589811773324,1812.766,41.3,33.3,
0xd73b81755d573d5abb591ab049ef6a5c535833296e8b1d3573558b6d12d686fe,Will Vancouver Whitecaps FC win on 2026-07-16?,No,Direccional,1,380.232,0.5848,0.72,1,1.0,19.49953845607634,swisstony,61.70355129845899,2161.4107,2,0.3160197111144773,42.20401284238265,1781.1787,40.6,31.6,Revisar reglas: un pick NO puede incluir empate o una resolución distinta a clasificación.
0x2f39c668afc7b19d558be8de8e28006b0c53b5ccb0543fe3226c115eaea6a693,Hamburg European Open: Simona Waltert vs Mayar Sherif,Mayar Sherif,Direccional,1,6412.8075,0.539,0.585,28,0.55,44.04400377747237,Wallet 0x076d...8d4c,89.59617167319387,8487.807499999999,2,0.491583545981461,45.552167895721496,2074.999999999999,40.4,49.2,
0xe19ddd7a87ad62801fdd2387d8c1056a7521e11110af4fc009b9189924a01760,Spread: Cleveland Guardians (-1.5),Detroit Tigers,Direccional,1,229.3826,0.6698,0.55,1,1.0,15.14538213449895,swisstony,50.98917099672723,1514.1598,2,0.29703134682207455,35.84378886222828,1284.7772,39.4,29.7,
0xfc20e326d52c24e220a020d6e64a239707b06936e3a5a6c52f559ffab77bba35,Hamburg European Open: Tessa Brockmann vs Elsa Jacquemot,Elsa Jacquemot,Direccional,1,1636.5149,0.6204,0.615,1,1.0,40.453861373174256,swisstony,189.15740597203512,14929.6663,3,0.2138634813968369,148.70354459886087,13293.1514,39.3,21.4,
0x305d7c3d8e2961e20ccd787118c5934bef98bc2ad9e3b55a0ab8a573371bd6eb,Generali Open: Sebastian Baez vs Arthur Rinderknech,Arthur Rinderknech,Direccional,1,239.8168,0.4899,0.475,28,0.55,8.517310725810114,Wallet 0x076d...8d4c,15.540063426852633,402.855,2,0.5480872562651532,7.022752701042519,163.03820000000002,38.0,54.8,
0x983aafe2560d2e3987a2ecbeb022c364160c03ead3543d607e0aa2313006d2aa,Spread: St. Louis Cardinals (-1.5),Arizona Diamondbacks,Direccional,1,255.6596,0.6168,0.645,1,1.0,15.989358961509371,swisstony,72.73316126625451,3475.5187,2,0.2198358861782052,56.743802304745145,3219.8591,37.2,22.0,
0x53454b0a76a8d21f8e3fa31285b2d685f5a36f34c708a0c0038c329d803af4e1,Pittsburgh Pirates vs. New York Yankees: O/U 9.5,Under,Direccional,1,172.5169,0.53,0.6,1,1.0,13.134568892811062,swisstony,57.85592844280686,2172.5169,2,0.2270220052867212,44.721359549995796,2000.0,37.0,22.7,
0xb8d3be712e630ea2de1410089a5f97428c3c649779a3b6c2d2a1d9f78623f4af,Estoril Open: Hugo Gaston vs Titouan Droguet,Hugo Gaston,Direccional,1,385.2151,0.3724,0.395,28,0.55,10.794793548280579,Wallet 0x076d...8d4c,22.18234376770881,514.8914,2,0.486638998174518,11.387550219428233,129.67629999999997,36.7,48.7,
0x6915eebfc4e59a01872275bae229f78a65316401d356f0473848d4a2d178a38e,Will NK Celje win on 2026-07-22?,No,Direccional,1,4458.5238,0.5,0.505,28,0.55,36.724698085893095,Wallet 0x076d...8d4c,96.89230825324145,16425.9331,2,0.37902593867315054,60.16761016734836,11967.4093,36.5,37.9,Revisar reglas: un pick NO puede incluir empate o una resolución distinta a clasificación.
0x29d203f90b02392439bb3f919af6bee4589c747ed655e05a89fdfa274404a828,Will Charlotte FC win on 2026-07-22?,Yes,Direccional,1,315.5995,0.4934,0.475,1,1.0,17.765120320448155,swisstony,97.75189809965366,21465.6313,2,0.181736832387003,79.98677777920551,21150.0318,36.3,18.2,
0x305d7c3d8e2961e20ccd787118c5934bef98bc2ad9e3b55a0ab8a573371bd6eb,Generali Open: Sebastian Baez vs Arthur Rinderknech,Sebastian Baez,Direccional,1,163.0382,0.5099,0.525,28,0.55,7.02275270104252,Wallet 0x076d...8d4c,15.540063426852633,402.855,2,0.45191274373484686,8.517310725810113,239.81680000000003,34.6,45.2,
0x055ae2ce1a9d54d1230b0ec51a3ba2c872544209e3dcc98d38fa2b0453fa278f,Will PFK Levski Sofia win on 2026-07-22?,No,Direccional,1,5364.3189,0.529,0.525,28,0.55,40.282830923980505,Wallet 0x076d...8d4c,148.8880188355139,28344.803099999997,3,0.27055790814493624,108.60518791153339,22980.4842,33.5,27.1,Revisar reglas: un pick NO puede incluir empate o una resolución distinta a clasificación.
0x90ccd5a711854279acb4bfea911c0ef952c54d1d32e7db793047ff11d017295e,KBO: LG Twins vs. Samsung Lions,Samsung Lions,Direccional,1,208.6024,0.4725,0.485,30,0.55,7.943690955720773,ndb1,20.640639408006464,369.81489999999997,2,0.38485682534812515,12.696948452285692,161.21249999999998,32.9,38.5,
0xb8f1906fd1077f7213c3715a096154ee4c2feabc1f9e0074ad32af4722bfbf0e,Exact Score: Azzurri United FC 0 - 2 Macarthur FC?,No,Marcador exacto / posible cobertura,1,108.5599,0.9498,0.89,28,0.55,5.730564522802269,Wallet 0x076d...8d4c,5.730564522802269,108.5599,1,1.0,0.0,0.0,32.6,100.0,Revisar reglas: un pick NO puede incluir empate o una resolución distinta a clasificación.
0xfa086a518e7f6045b17e542de8fbab13f20b19fbbbcf05c3e26e78540c48b38d,Generali Open: Kilian Feldbausch vs Ignacio Buse,Kilian Feldbausch,Direccional,1,176.6103,0.3569,0.3345,28,0.55,7.309214441374668,Wallet 0x076d...8d4c,26.25878963450235,535.6967,2,0.27835305979872105,18.949575193127682,359.08639999999997,29.5,27.8,
0xf194634652d8dbdb464a85ef173ca2d037cc6d488d547da4b56aace7b5b3a6ec,Will Bohemian FC win on 2026-07-22?,No,Direccional,1,170.4046,0.4399,0.445,28,0.55,7.179651210191203,Wallet 0x076d...8d4c,33.47665529810966,2456.4622,2,0.21446739963286054,26.29700408791846,2286.0576,27.6,21.4,Revisar reglas: un pick NO puede incluir empate o una resolución distinta a clasificación.
