Ranking,Usuario,Wallet,Mercado,Lado,Cantidad,Precio_Entrada,Precio_Actual,Valor_Inicial_USD,Valor_Actual_USD,PNL_USD,PNL_Porcentaje,Condition_ID,Token_ID,Slug
1,swisstony,0x204f72f35326db932158cba6adff0b9a1da95e14,Will CS Huancayo win on 2026-07-19?,No,6760.9176,0.9528,0.9995,6441.8361,6757.5371,315.7009,4.9007,0x12a568db8fd5bc929773165e5ccfb319c1e129ec9ec0528d58b712278aefbb39,104662853588066723623631380074057312252593282745913209043136347272705800100484,per1-cal-csh-2026-07-19-csh
1,swisstony,0x204f72f35326db932158cba6adff0b9a1da95e14,Will Club Alianza Lima win on 2026-07-19?,Yes,3818.0417,0.9095,0.9995,3472.738,3816.1327,343.3946,9.8882,0xb58fe14b388b901c69843773f4ff435237ae707924e69369c979f059ebfe01ed,46205608263096308577732322597118988669052074736101644752680806757356133007369,per1-cal-csh-2026-07-19-cal
1,swisstony,0x204f72f35326db932158cba6adff0b9a1da95e14,Will Club Alianza Lima vs. CS Huancayo end in a draw?,No,2872.1205,0.8903,0.9995,2557.0949,2870.6845,313.5895,12.2635,0x7714fbe26d8aacd8353a195dfdb55178487e7cc12dd71ab79f567415ed1b89fa,113594765558003359488879212592319915515820108731888853395642205714579318296599,per1-cal-csh-2026-07-19-draw
1,swisstony,0x204f72f35326db932158cba6adff0b9a1da95e14,Exact Score: Chicago Fire FC 0 - 2 Vancouver Whitecaps FC?,No,3761.8945,0.95,0.75,3573.7997,2821.4208,-752.3789,-21.0526,0xdee53c872dfc5f633345aa8e953958961e3d2daf3aabed82a715f8a42ee33875,44892159935390604662345749539919895096711783326777111353814267740858768042973,mls-chi-vwh-2026-07-16-exact-score-0-2
1,swisstony,0x204f72f35326db932158cba6adff0b9a1da95e14,Spread: CS Huancayo (-1.5),Club Alianza Lima,2664.8671,0.9945,0.9995,2650.4235,2663.5347,13.1111,0.4946,0x63771fb36eb73293949b9968e9fc09f623fd0babfc988045b06980878d7eb8d9,1012298522867472735373159874989441137666344939803035251869733187712344393244,per1-cal-csh-2026-07-19-spread-away-1pt5
1,swisstony,0x204f72f35326db932158cba6adff0b9a1da95e14,Club Alianza Lima vs. CS Huancayo: O/U 3.5,Under,2507.1273,0.5763,0.9995,1444.9302,2505.8737,1060.9434,73.4252,0x6ef2f579547317487e4d5f6dcbe9e0cfa2f606bb0f5a506dd55967882615cf1c,29033659329397738605494628954149408912769188360219018846645720622230169613862,per1-cal-csh-2026-07-19-total-3pt5
1,swisstony,0x204f72f35326db932158cba6adff0b9a1da95e14,Spread: St. Louis Cardinals (-1.5),St. Louis Cardinals,9070.0256,0.3894,0.23,3532.7659,2086.1058,-1446.6601,-40.9497,0x983aafe2560d2e3987a2ecbeb022c364160c03ead3543d607e0aa2313006d2aa,5229354428865547873933060356596762525702479402185576080013629502196858700357,mlb-ari-stl-2026-06-25-spread-home-1pt5
1,swisstony,0x204f72f35326db932158cba6adff0b9a1da95e14,Spread: Club Alianza Lima (-1.5),CS Huancayo,1912.2101,0.5675,0.9995,1085.2194,1911.254,826.0345,76.1168,0x6cc0dca8cf49921fac13a1c649c48feaa3a8c537753c6724f549d7002243cf60,21504019727333176072680048237407448324718264013650420214949798009531842040700,per1-cal-csh-2026-07-19-spread-home-1pt5
1,swisstony,0x204f72f35326db932158cba6adff0b9a1da95e14,Exact Score: Chicago Fire FC 1 - 2 Vancouver Whitecaps FC?,No,1982.2736,0.9087,0.895,1801.4228,1774.1348,-27.288,-1.5148,0xa26b10762096ade1fc322372d963e41ae8d1a128cf7ac430ca269ebda3788335,54188835478345641620686912984480651736444994743116471026762406186612244412668,mls-chi-vwh-2026-07-16-exact-score-1-2
1,swisstony,0x204f72f35326db932158cba6adff0b9a1da95e14,Arizona Diamondbacks vs. St. Louis Cardinals: O/U 9.5,Under,3193.0,0.56,0.535,1788.2683,1708.255,-80.0133,-4.4743,0x818b94bd5608c4864382c837ea850b6d3aabf21d8a9136062456f041f51cebbc,71636838365570126262729420267557503457692353896575267405070260727283166941034,mlb-ari-stl-2026-06-25-total-9pt5
1,swisstony,0x204f72f35326db932158cba6adff0b9a1da95e14,Club Alianza Lima vs. CS Huancayo: O/U 4.5,Under,1650.9622,0.7489,0.9995,1236.5245,1650.1368,413.6122,33.4495,0x9ae4b868db8c487b16f8feaa97f348ed28695f7758ceb6725a81a042bd7ff820,90413591888479416877723828074523481114347050081544236273622215490014562367506,per1-cal-csh-2026-07-19-total-4pt5
1,swisstony,0x204f72f35326db932158cba6adff0b9a1da95e14,Will Vancouver Whitecaps FC win on 2026-07-16?,Yes,6361.3527,0.3858,0.235,2454.4707,1494.9178,-959.5529,-39.094,0xd73b81755d573d5abb591ab049ef6a5c535833296e8b1d3573558b6d12d686fe,30026910010903613852930198700590809139774628086528046541216582681733726427412,mls-chi-vwh-2026-07-16-vwh
1,swisstony,0x204f72f35326db932158cba6adff0b9a1da95e14,Spread: CS Huancayo (-2.5),Club Alianza Lima,1435.8377,0.985,0.9995,1414.415,1435.1198,20.7047,1.4638,0xbabe5bae1971cb9eacc348540d556d6d0d62ca3a0a87e49f15f9d1974d619d03,90331695653175458724194960646314475122696295824716130863340068244520789938967,per1-cal-csh-2026-07-19-spread-away-2pt5
1,swisstony,0x204f72f35326db932158cba6adff0b9a1da95e14,Atlanta Braves vs. Chicago White Sox: O/U 5.5,Over,1709.0,0.78,0.65,1333.02,1110.85,-222.17,-16.6666,0x82ef68a94569a1879767a8e02c2f9f1d58e4b09e8aec7a4ce99844b00949e9c5,29244322720560335672437167483035644828750889379023651835621679866427511545083,mlb-atl-cws-2026-06-11-total-5pt5
1,swisstony,0x204f72f35326db932158cba6adff0b9a1da95e14,Spread: Cleveland Guardians (-1.5),Cleveland Guardians,2855.0606,0.3426,0.335,978.2693,956.4453,-21.824,-2.2308,0xe19ddd7a87ad62801fdd2387d8c1056a7521e11110af4fc009b9189924a01760,13967887070182152711884080875618634729303267748004201640680738509896615642929,mlb-det-cle-2026-06-14-spread-home-1pt5
1,swisstony,0x204f72f35326db932158cba6adff0b9a1da95e14,Exact Score: Chicago Fire FC 3 - 2 Vancouver Whitecaps FC?,No,1228.8322,0.9583,0.75,1177.6747,921.6241,-256.0506,-21.742,0x7beb03b48f520e43ae2e217fefe3a48f6948018d3da07678e22708463789afa0,31823785877987558366882120266382365509683192489290144977633968960868651268529,mls-chi-vwh-2026-07-16-exact-score-3-2
1,swisstony,0x204f72f35326db932158cba6adff0b9a1da95e14,Club Alianza Lima vs. CS Huancayo: CS Huancayo O/U 2.5,Under,907.9741,0.987,0.9995,896.194,907.5201,11.326,1.2637,0xd47a81d175f9a7fd2470dff7241f6434bf39765d76a1568fde690542f64fa193,44345890395224588308614532476860353030063267020823230257876862414088609282977,per1-cal-csh-2026-07-19-team-total-away-2pt5
1,swisstony,0x204f72f35326db932158cba6adff0b9a1da95e14,Exact Score: Chicago Fire FC 3 - 3 Vancouver Whitecaps FC?,No,961.581,0.9739,0.75,936.579,721.1858,-215.3932,-22.9978,0x2307c8dd123f120f7d8a890646229f3b0211e182534e925e9604942317b7eddd,96142280013574719587194373692916296247764630960254745237471348247135958042847,mls-chi-vwh-2026-07-16-exact-score-3-3
1,swisstony,0x204f72f35326db932158cba6adff0b9a1da95e14,Detroit Tigers vs. Cleveland Guardians: O/U 4.5,Over,970.0,0.81,0.711,785.7,689.67,-96.03,-12.2222,0x6f08f5499b2441a8d525961988d5f1fe65b318cc52e34eb8dd72f9d09c6a8d70,7097953936201759399222543672906137455560957419053409286575329784391875796826,mlb-det-cle-2026-06-14-total-4pt5
1,swisstony,0x204f72f35326db932158cba6adff0b9a1da95e14,KBO: Hanwha Eagles vs. LG Twins,LG Twins,777.1246,0.507,0.8545,394.0534,664.0529,269.9994,68.5184,0xda7d05262b576bc81ac8efb3b85017c4c2806243f61cb29b4177ba5830f7bb73,111713716984564676848142100383141118583551932364105020376415281497052338057449,kbo-han-lg-2026-07-05
1,swisstony,0x204f72f35326db932158cba6adff0b9a1da95e14,Exact Score: Chicago Fire FC 0 - 0 Vancouver Whitecaps FC?,No,733.6003,0.9609,0.755,704.9892,553.8682,-151.121,-21.4359,0x841fb7a9055ca17285ff76a882274972b072eda7569d4fe6daef56fa29a8ee6b,115252616572583490901492229296441638407047485171970693361819749038527016660562,mls-chi-vwh-2026-07-16-exact-score-0-0
1,swisstony,0x204f72f35326db932158cba6adff0b9a1da95e14,Chicago Fire FC vs. Vancouver Whitecaps FC: O/U 2.5,Under,905.9905,0.3399,0.5649,308.0358,511.794,203.7581,66.1475,0x85d7e77f46e92faec56205028d9f5102bc0fd1ca616bc738e5701ef58b8c9eab,46714360390002999834227008039784184111983799063298850913685076492712432793631,mls-chi-vwh-2026-07-16-total-2pt5
1,swisstony,0x204f72f35326db932158cba6adff0b9a1da95e14,Club Alianza Lima vs. CS Huancayo: O/U 2.5,Over,494.7383,0.7145,0.9995,353.491,494.4909,140.9998,39.8878,0xaea2a0eb09d4117255e87cf346b1ec9c0435a767578f1da7198bcbdcb58b9f2d,77841459561149854362869856398313417501844781810419593935883652294859959594484,per1-cal-csh-2026-07-19-total-2pt5
1,swisstony,0x204f72f35326db932158cba6adff0b9a1da95e14,Exact Score: Chicago Fire FC 0 - 3 Vancouver Whitecaps FC?,No,648.7009,0.9699,0.754,629.2392,489.1205,-140.1187,-22.2679,0xda9fcfe15a8a3132eb7836193db3cc96ffbf0bdc45943de1e372adee6b0ef214,45077258805970240869344547140592356040379038260217108962560470718822937506385,mls-chi-vwh-2026-07-16-exact-score-0-3
1,swisstony,0x204f72f35326db932158cba6adff0b9a1da95e14,Will Kalmar FF win on 2026-07-20?,No,746.6933,0.6499,0.655,485.3267,489.0841,3.7573,0.7741,0x75e03819d365a2eb8ef8978c554e59e766b6365d2825686d36a9ca35e9d36be0,108722632500175130036350715492756584778000825641503028920276722278075299783449,swe-kal-mal-2026-07-20-kal
1,swisstony,0x204f72f35326db932158cba6adff0b9a1da95e14,Exact Score: Chicago Fire FC 1 - 1 Vancouver Whitecaps FC?,No,656.25,0.88,0.74,577.5,485.625,-91.875,-15.909,0x4aa3bbbfcca55802fe284e7f4fd47543832ed089d612311e3f643a6f6f57ff2e,47222085849444125727043222664435336271357321152741640525197755659084554706493,mls-chi-vwh-2026-07-16-exact-score-1-1
1,swisstony,0x204f72f35326db932158cba6adff0b9a1da95e14,Exact Score: Chicago Fire FC 1 - 3 Vancouver Whitecaps FC?,No,645.7179,0.9467,0.75,611.3276,484.2884,-127.0392,-20.7808,0x60d0badc8638ae1c41a4506c2205af08e0775b655c83d9abf34ba1a74da9b18c,83795113220550450686839537595513734621948139272528537135629718644925126574575,mls-chi-vwh-2026-07-16-exact-score-1-3
1,swisstony,0x204f72f35326db932158cba6adff0b9a1da95e14,Exact Score: Chicago Fire FC 2 - 2 Vancouver Whitecaps FC?,No,627.0,0.91,0.71,570.57,445.17,-125.4,-21.978,0xbaaebdf982b987694de4f2dbf4605eead94012ada2c5507167a72102484bbedb,46022453953261238605479519886767600763190650103819717097402098605646327871997,mls-chi-vwh-2026-07-16-exact-score-2-2
1,swisstony,0x204f72f35326db932158cba6adff0b9a1da95e14,KBO: KT Wiz vs. Samsung Lions,KT Wiz,717.9316,0.53,0.597,380.5038,428.6052,48.1013,12.6414,0x97954cb222b1b873fb98e88bce8f9f9544dd45c253ea99474ab4a2d1bd4a42b9,97466808101708128704508257488653793461488498899045972686586214019354737603825,kbo-kt-sam-2026-05-20
1,swisstony,0x204f72f35326db932158cba6adff0b9a1da95e14,Toronto Blue Jays vs. Chicago Cubs: O/U 4.5,Over,510.0,0.7681,0.825,391.7799,420.75,28.97,7.3944,0xf0681ed8d200cf0fce0d3b41d1fb7f62ed24224a445472a51295b73a26236ace,2296715610174423589152600357087008757784040756813190237828167636264103565774,mlb-tor-chc-2026-06-21-total-4pt5
1,swisstony,0x204f72f35326db932158cba6adff0b9a1da95e14,Will Vancouver Whitecaps FC win on 2026-07-16?,No,528.1,0.5848,0.765,308.8772,403.9965,95.1192,30.7951,0xd73b81755d573d5abb591ab049ef6a5c535833296e8b1d3573558b6d12d686fe,67894840173371244267244373748071829546982301321565123531085689195229398550149,mls-chi-vwh-2026-07-16-vwh
1,swisstony,0x204f72f35326db932158cba6adff0b9a1da95e14,Shanghai Haigang FC vs. Dalian Yingbo FC: O/U 1.5,Over,664.8192,0.8281,0.605,550.5986,402.2156,-148.383,-26.9493,0x7453466521ed6a2ef40639e620f9c681d502ea0eb8b04600350dd22162330f6a,99475671490381758872286912185212964899024227150265070202148780176326861396837,chi-shp-ygb-2026-07-12-total-1pt5
1,swisstony,0x204f72f35326db932158cba6adff0b9a1da95e14,Detroit Tigers vs. Cleveland Guardians: O/U 10.5,Under,565.0128,0.775,0.68,437.8894,384.2087,-53.6807,-12.2589,0x8f9f849264850e9ef28351b19c67edad33e8762267bd2e12acf7f9da2a4fec34,79320771766077944522440137710258758199541695632839399314101190261896063891995,mlb-det-cle-2026-06-14-total-10pt5
1,swisstony,0x204f72f35326db932158cba6adff0b9a1da95e14,Chicago Fire FC vs. Vancouver Whitecaps FC: O/U 2.5,Over,800.2572,0.6595,0.435,527.7776,348.1119,-179.6657,-34.0419,0x85d7e77f46e92faec56205028d9f5102bc0fd1ca616bc738e5701ef58b8c9eab,100916926687464594074509466098179758448711633865198428244581974643375880213055,mls-chi-vwh-2026-07-16-total-2pt5
1,swisstony,0x204f72f35326db932158cba6adff0b9a1da95e14,Shanghai Haigang FC vs. Dalian Yingbo FC: Dalian Yingbo FC O/U 0.5,Over,881.7223,0.7397,0.385,652.2382,339.4631,-312.7751,-47.9541,0x11e3e3fab6e2b24be16f399fbfd24a41fda94e2a2bfbdef31c724e1c56ac864e,22024544839524247688476048710320771584366391878876189500927130860627496642021,chi-shp-ygb-2026-07-12-team-total-away-0pt5
1,swisstony,0x204f72f35326db932158cba6adff0b9a1da95e14,KBO: NC Dinos vs. Kia Tigers,Kia Tigers,400.0,0.4841,0.827,193.6696,330.7999,137.1302,70.8062,0x84f698ac4e21f27dfa51803083f5c115933c13611259e2968e4b2ba06f854912,87625026784246726629459947349085745559724742302086324008103327538724995602611,kbo-nc-kia-2026-07-05
1,swisstony,0x204f72f35326db932158cba6adff0b9a1da95e14,Wuhan San Zhen FC vs. Henan FC: O/U 4.5,Under,423.6547,0.8399,0.735,355.8695,311.3862,-44.4833,-12.4998,0xa6d4b706470646f75d7d46ea418b79b8adb2029ac5edd941df0f9eb4d79c149a,439225439709803558178312661095142974560527871694389013597595186156298668251,chi-wsz-hen-2026-07-11-total-4pt5
1,swisstony,0x204f72f35326db932158cba6adff0b9a1da95e14,Chicago Fire FC vs. Vancouver Whitecaps FC: Both Teams to Score,Yes,388.5,0.68,0.79,264.18,306.915,42.735,16.1764,0x1c8870fed75e00b9d759b45992a41a25c6ee55864047d9ee2b3dd5dc72585dc0,11335566453506692459556639903524343221792408620881942818683756171967707885272,mls-chi-vwh-2026-07-16-btts
1,swisstony,0x204f72f35326db932158cba6adff0b9a1da95e14,Spread: St. Louis Cardinals (-1.5),Arizona Diamondbacks,396.3715,0.6168,0.77,244.4998,305.2061,60.7062,24.8287,0x983aafe2560d2e3987a2ecbeb022c364160c03ead3543d607e0aa2313006d2aa,15602704636206380284612980024848516327556619307902504371100270745259261718880,mlb-ari-stl-2026-06-25-spread-home-1pt5
1,swisstony,0x204f72f35326db932158cba6adff0b9a1da95e14,Jeju SK FC vs. Gangwon FC: O/U 3.5,Under,371.952,0.81,0.81,301.2811,301.2811,0.0,0.0,0xf9468b891ce6f6df3a724aecaf3eb417f3f152a3b2c94f02ca8cd065e5658e39,25548299380888304892246088754340542501927874445080074506065701612340869340419,kor-jej-gwo-2026-07-21-total-3pt5
1,swisstony,0x204f72f35326db932158cba6adff0b9a1da95e14,Club Alianza Lima vs. CS Huancayo: O/U 1.5,Over,279.9829,0.9955,0.9995,278.7485,279.843,1.0944,0.3926,0x92b1ad5e63698351eb94e2c0e7300a105662c7eb644cccc071c3efd5a3867d6a,74243781778380620219328081397665517421996325149404173002745368293709475584664,per1-cal-csh-2026-07-19-total-1pt5
1,swisstony,0x204f72f35326db932158cba6adff0b9a1da95e14,Spread: Cleveland Guardians (-1.5),Detroit Tigers,417.0593,0.6698,0.665,279.3789,277.3444,-2.0345,-0.7282,0xe19ddd7a87ad62801fdd2387d8c1056a7521e11110af4fc009b9189924a01760,64579529433342108245015251144774387773826810196788972410098896527975312280028,mlb-det-cle-2026-06-14-spread-home-1pt5
1,swisstony,0x204f72f35326db932158cba6adff0b9a1da95e14,Detroit Tigers vs. Cleveland Guardians,Detroit Tigers,446.2479,0.476,0.56,212.4363,249.8988,37.4624,17.6346,0xb4528250bfbecacd1da31cd9dac28d32077c66cc921a8598da6b8e4265144507,12288629634122425617792181954872467680422585098128024124865951704978705497588,mlb-det-cle-2026-06-14
1,swisstony,0x204f72f35326db932158cba6adff0b9a1da95e14,Club Alianza Lima vs. CS Huancayo: O/U 5.5,Under,249.9895,0.9958,0.9995,248.9598,249.8645,0.9046,0.3633,0x4e0fa1ec41fdccde3b6fb6ca736abe363523f314d29ec325b8222ef00fad7d2e,54309226637161400777038535811331524091881853644576143701094328873172387526318,per1-cal-csh-2026-07-19-total-5pt5
1,swisstony,0x204f72f35326db932158cba6adff0b9a1da95e14,Spread: Club Alianza Lima (-2.5),CS Huancayo,232.2517,0.9099,0.9995,211.3447,232.1356,20.7908,9.8373,0x7426eaec937ecd83b4a3993ea18d067380a712c41d2e0a691f20469c82e03346,96535148296993209983573035216724089216492409408045167295464781950291495874917,per1-cal-csh-2026-07-19-spread-home-2pt5
1,swisstony,0x204f72f35326db932158cba6adff0b9a1da95e14,Will Chicago Fire FC win on 2026-07-16?,No,427.0,0.6447,0.54,275.3099,230.58,-44.7299,-16.2471,0x016602d116e9f23e24a554835130f29e68cc7f82a3013f3c50a2ce862a2bdfd6,102459379543377190256516686482214224307677972941635074285940672443381426454344,mls-chi-vwh-2026-07-16-chi
1,swisstony,0x204f72f35326db932158cba6adff0b9a1da95e14,Orix Buffaloes vs. Nippon Ham Fighters,Nippon Ham Fighters,449.9631,0.5504,0.505,247.6673,227.2314,-20.4359,-8.2513,0xd916f66f6ed166b8109d9de0367aa4151ae182289c95e019600fbbda378a1bdf,89075254764665057720880326715709921218317311819880908509837583748600076088451,npb-ori-nip-2026-07-20
1,swisstony,0x204f72f35326db932158cba6adff0b9a1da95e14,Shanghai Haigang FC vs. Dalian Yingbo FC: O/U 2.5,Over,597.6229,0.6056,0.38,361.9467,227.0967,-134.85,-37.2568,0x2f4e35f5779045bb3edab874ebcbe28974ffb8ec6338462c59f3afaaca93c4e7,51709824976491519344205482995279084220804570417368261986976046173824777745293,chi-shp-ygb-2026-07-12-total-2pt5
1,swisstony,0x204f72f35326db932158cba6adff0b9a1da95e14,Exact Score: Chicago Fire FC 2 - 1 Vancouver Whitecaps FC?,No,309.0,0.91,0.705,281.19,217.845,-63.345,-22.5274,0x3ebb3d62e20300aec0695e28d34ace145882b9ccae7af182103a24361f5c5db6,69720142495206877069471574382272961041521381759181147669210432805880404432807,mls-chi-vwh-2026-07-16-exact-score-2-1
1,swisstony,0x204f72f35326db932158cba6adff0b9a1da95e14,Boston Red Sox vs. New York Yankees: O/U 11.5,Under,318.0,0.77,0.685,244.86,217.83,-27.03,-11.0389,0x9ec193ff9cc773755bb8a4e912fa29960c89d2931f6da86c197b2de92f0377f4,87700782626457381958470311980202046544171988420780571796927396661205657324921,mlb-bos-nyy-2026-06-06-total-11pt5
1,swisstony,0x204f72f35326db932158cba6adff0b9a1da95e14,St. Louis Cardinals vs. Cincinnati Reds: O/U 6.5,Over,308.0,0.7777,0.705,239.5497,217.14,-22.4097,-9.3549,0x33c9be886cbaf2f34068e31214a43161d09bcefbc0ddc9da44d101541bf26390,14459568362327130161536031353934756364964321894208339853749049326892697722338,mlb-stl-cin-2026-05-24-total-6pt5
1,swisstony,0x204f72f35326db932158cba6adff0b9a1da95e14,Chicago Fire FC vs. Vancouver Whitecaps FC: Both Teams to Score,No,1030.0,0.32,0.21,329.6,216.3,-113.3,-34.3749,0x1c8870fed75e00b9d759b45992a41a25c6ee55864047d9ee2b3dd5dc72585dc0,23260009335375824756017194389788731267266108157329556131462819383438550177143,mls-chi-vwh-2026-07-16-btts
1,swisstony,0x204f72f35326db932158cba6adff0b9a1da95e14,Will Shanghai Shenhua FC vs. Beijing Guoan FC end in a draw?,No,256.3233,0.76,0.835,194.8057,214.0299,19.2241,9.8683,0xfc81f849ae77be28286d8689a4b25e901fa7e18a874d996d03f72a7cdcdd624a,109589687198911474602310787026097969536047092876812414828400128701581994068859,chi-sgr-bgu-2026-07-11-draw
1,swisstony,0x204f72f35326db932158cba6adff0b9a1da95e14,Shanghai Shenhua FC vs. Beijing Guoan FC: O/U 4.5,Under,285.869,0.7099,0.735,202.9667,210.1137,7.1469,3.5212,0xf5832d72b7ff01d3224b0648f8b8f3d063a893275cafab5bae2f991a7b451228,22431895485780005748870530191180173208259510685322545957197395536961469491768,chi-sgr-bgu-2026-07-11-total-4pt5
1,swisstony,0x204f72f35326db932158cba6adff0b9a1da95e14,San Diego Padres vs. Atlanta Braves,San Diego Padres,485.8571,0.4199,0.425,204.0595,206.4892,2.4296,1.1906,0x0a549d2fe4a227122995cc50800acf7ac0d51608867895113bed7b3146ef9516,102242851837858953253940395702243626825684494251508992041584617723075966121520,mlb-sd-atl-2026-07-20
1,swisstony,0x204f72f35326db932158cba6adff0b9a1da95e14,Spread: Chicago Fire FC (-2.5),Chicago Fire FC,1047.2857,0.0699,0.185,73.3089,193.7478,120.4388,164.2893,0xff3a3224444463e3722ac41ee245cc7efc3f057ca64a1a77eebb47ddb6d6f5b9,63418901929421574896931802721776981875649587354504362424169244450863257483564,mls-chi-vwh-2026-07-16-spread-home-2pt5
1,swisstony,0x204f72f35326db932158cba6adff0b9a1da95e14,Will Chicago Fire FC vs. Vancouver Whitecaps FC end in a draw?,No,228.0,0.75,0.84,171.0,191.5199,20.5199,11.9999,0x3c76ea2c99671e6574bab2ab04328cdb2bcf1ff70fde450e711ed0bb45bf5dd7,10003875510695076266606175733876650839303519270920966194669105648853402090311,mls-chi-vwh-2026-07-16-draw
1,swisstony,0x204f72f35326db932158cba6adff0b9a1da95e14,KBO: NC Dinos vs. KT Wiz,NC Dinos,244.0,0.42,0.725,102.4799,176.9,74.42,72.619,0x13c04fc860cff263f0d390c11c704600a1accf7aec2cffaf22adb997ce81b496,33418368057269394559756434584525849217350920373115150798234914945052086560179,kbo-nc-kt-2026-06-14
1,swisstony,0x204f72f35326db932158cba6adff0b9a1da95e14,Spread: Cincinnati Reds (-1.5),Cincinnati Reds,525.0,0.37,0.335,194.25,175.875,-18.375,-9.4594,0xba9d86bef409265b49494e1803a3e760e0adc5dcba30526365a02ca086af4a78,55534339693365861850969380119728516982509040587708322811691401558361319988322,mlb-stl-cin-2026-05-24-spread-home-1pt5
1,swisstony,0x204f72f35326db932158cba6adff0b9a1da95e14,KBO: Hanwha Eagles vs. NC Dinos,NC Dinos,288.9981,0.4534,0.585,131.0551,169.0639,38.0087,29.002,0xd223ca20e627cf9097e40cf8839403a82a924a3b29ff946afe196858123e2c0e,54861245181219611466051315606521615564935559445073676373039477406379554747943,kbo-han-nc-2026-05-26
1,swisstony,0x204f72f35326db932158cba6adff0b9a1da95e14,KBO: LG Twins vs. Samsung Lions,LG Twins,313.034,0.5307,0.515,166.1368,161.2125,-4.9243,-2.964,0x90ccd5a711854279acb4bfea911c0ef952c54d1d32e7db793047ff11d017295e,73264274384275183970194089567930647186186078748652915800211281519357908699020,kbo-lg-sam-2026-04-17
1,swisstony,0x204f72f35326db932158cba6adff0b9a1da95e14,Exact Score: Chicago Fire FC 0 - 1 Vancouver Whitecaps FC?,No,211.7112,0.9393,0.75,198.8652,158.7834,-40.0818,-20.1552,0x44e44f4440467c1b409bfb6f5b9a7d9a42f8f3854993abb3f06d8b359ca31ad7,31212939137902667841131178707455807716430033176841437242354099490303279832188,mls-chi-vwh-2026-07-16-exact-score-0-1
1,swisstony,0x204f72f35326db932158cba6adff0b9a1da95e14,Chicago Fire FC vs. Vancouver Whitecaps FC: O/U 3.5,Under,224.0,0.59,0.675,132.16,151.2,19.0399,14.4067,0xc41c5deda6340c89b99d92b441936312850a3d0d9696ad8d67eceef2614a1c86,100865320124507984167088663948088492029851128650826873331117605856862989878000,mls-chi-vwh-2026-07-16-total-3pt5
1,swisstony,0x204f72f35326db932158cba6adff0b9a1da95e14,KBO: NC Dinos vs. Doosan Bears,Doosan Bears,258.27,0.5397,0.585,139.3906,151.0879,11.6972,8.3916,0xccbb9b961dbe295adfedb8d15dd763f4697ec5f782ec0adbe2d9fd6ed0ba40cb,2562751250520872063083485313458022924452336753065931643805545970234311072536,kbo-nc-doo-2026-05-20
1,swisstony,0x204f72f35326db932158cba6adff0b9a1da95e14,Spread: Incheon United FC (-2.5),Ulsan HD FC,130.9998,0.9699,0.973,127.0697,127.4629,0.3931,0.3093,0x368a98c0ce4759697d6ca534563b8ead87aeb2373b762059885b541a8d6bade2,70123843951735987327895496211253508890004132917931917951104348057065798186242,kor-uls-inc-2026-07-21-spread-away-2pt5
1,swisstony,0x204f72f35326db932158cba6adff0b9a1da95e14,Spread: Bucheon FC 1995 (-1.5),FC Anyang,145.1969,0.8604,0.865,124.9379,125.5953,0.6573,0.5261,0xb48ea6ced7738277b8565e52a1d57244d4ceb84c5a992206a71c40c2cfe6adeb,79544502081489976656894208113478927033883539489636249716003478870705480320630,kor-bch-any-2026-07-22-spread-home-1pt5
1,swisstony,0x204f72f35326db932158cba6adff0b9a1da95e14,Will Chicago Fire FC win on 2026-07-16?,Yes,267.7272,0.3384,0.46,90.6197,123.1545,32.5347,35.9024,0x016602d116e9f23e24a554835130f29e68cc7f82a3013f3c50a2ce862a2bdfd6,58056742158913009820500182409839020337247520055980841114466778602320809482601,mls-chi-vwh-2026-07-16-chi
1,swisstony,0x204f72f35326db932158cba6adff0b9a1da95e14,Spread: Orgryte IS (-2.5),Djurgardens IF,119.9692,0.98,0.985,117.5698,118.1697,0.5998,0.5101,0x1733ce3427704d6d1d489193ea73a9e65a428e4e7800088d2919dd143dce3624,9930678329931747205810952522332503927949863295648767091517758495667711643861,swe-org-dju-2026-07-20-spread-home-2pt5
1,swisstony,0x204f72f35326db932158cba6adff0b9a1da95e14,Exact Score: Shanghai Haigang FC 0 - 1 Dalian Yingbo FC?,Yes,242.4791,0.0467,0.4745,11.3293,115.0563,103.7269,915.5587,0x3d8ae74821a9e736030c98e38597bddf5893b4e09d23bc9d685292ce5352d8e9,18427761367370480899249647654474523028804643301059709542433347774220304278939,chi-shp-ygb-2026-07-12-exact-score-0-1
1,swisstony,0x204f72f35326db932158cba6adff0b9a1da95e14,Club Alianza Lima vs. CS Huancayo: Draw at halftime?,Yes,112.6572,0.7024,0.9995,79.1403,112.6009,33.4605,42.2799,0x1fb0b1571a939ce28217d04fbe976cc1f12d42685c01c9c3ee47bf5799c47604,96784441607897584691073366646588386191895568501891047088628284402380700110033,per1-cal-csh-2026-07-19-halftime-result-draw
1,swisstony,0x204f72f35326db932158cba6adff0b9a1da95e14,Spread: Malmo FF (-1.5),Kalmar FF,138.0,0.7996,0.805,110.3499,111.09,0.74,0.6705,0x2e8a27b3bf2619a1d81ac069fc284f18a29c89854bbf33dade01e02446c64857,49158391278027637287863422520840007930429097695278360800147256355839892016526,swe-kal-mal-2026-07-20-spread-away-1pt5
1,swisstony,0x204f72f35326db932158cba6adff0b9a1da95e14,Exact Score: Chicago Fire FC 2 - 3 Vancouver Whitecaps FC?,Yes,501.282,0.0389,0.22,19.5494,110.282,90.7325,464.1167,0x427c61f76fb6c2404cdf72a50b68fd4e9d5a39836e1e0ef063937458dc74abd5,86990942185029839466723318123498887434350661899887239741176592533251563572017,mls-chi-vwh-2026-07-16-exact-score-2-3
1,swisstony,0x204f72f35326db932158cba6adff0b9a1da95e14,Exact Score: Orgryte IS 3 - 0 Djurgardens IF?,No,109.9898,0.9909,0.9975,108.9899,109.7149,0.7249,0.6651,0x05622d56a5b55ca2e4359aa68c55a30224f415ecc89b6ac71cf96b6475b19f90,37591351995920182466707145706915147571477595658204695627166086589160250301943,swe-org-dju-2026-07-20-exact-score-3-0
1,swisstony,0x204f72f35326db932158cba6adff0b9a1da95e14,Will Tianjin Jinmen Hu FC vs. Liaoning Tieren FC end in a draw?,No,143.34,0.7103,0.76,101.8243,108.9384,7.114,6.9865,0x631a8a75cf199c080321ca3ba833c5e4c9aae35071e7a37287ad3044f1d62bfc,21275389634881891169145268248205323321755006002174827868196614300246194459678,chi-jin-tie-2026-07-12-draw
1,swisstony,0x204f72f35326db932158cba6adff0b9a1da95e14,Portland Timbers vs. FC Dallas: O/U 4.5,Under,142.0264,0.7537,0.76,107.0538,107.9401,0.8862,0.8278,0x8fe1221fb02fad3e0a6a7ef0081a6b8def32959d6618ac92b6bc8d1da3ff6e70,40221085204947306333643664661885631773779408928296612987464588805600945555289,mls-por-dal-2026-07-22-total-4pt5
1,swisstony,0x204f72f35326db932158cba6adff0b9a1da95e14,Will Henan FC win on 2026-07-11?,No,196.1509,0.576,0.545,112.987,106.9022,-6.0848,-5.3853,0xf4bae0e3fe8c07460a3b7efbc5c1105bcaccaa71428c92af06cf7c63857142e6,71618436132023352265508312818372135308755248055064882224627505399260880109609,chi-wsz-hen-2026-07-11-hen
1,swisstony,0x204f72f35326db932158cba6adff0b9a1da95e14,Philadelphia Union vs. New York Red Bulls: O/U 3.5,Under,182.2595,0.5699,0.575,103.8879,104.7992,0.9112,0.877,0xabbf27aba65e916bb7a99e7f29c547a6c67794a9b0a88662ef3b3d0910915789,110096987916088040445297418515705040945727611621470884316828081905135486838457,mls-phi-nyr-2026-07-22-total-3pt5
1,swisstony,0x204f72f35326db932158cba6adff0b9a1da95e14,Chicago Fire FC vs. Vancouver Whitecaps FC: O/U 3.5,Over,318.2954,0.4399,0.325,140.0496,103.446,-36.6036,-26.1361,0xc41c5deda6340c89b99d92b441936312850a3d0d9696ad8d67eceef2614a1c86,27465595446547496384572650837482589604579046907153579726636520240284709373465,mls-chi-vwh-2026-07-16-total-3pt5
13,0x2c335066FE58fe9237c3d3Dc7b275C2a034a0563-1759935795465,0x2c335066fe58fe9237c3d3dc7b275c2a034a0563,"2026 Balance of Power: D Senate, D House",No,8004002.82,0.5,0.5649,4002001.41,4521461.193,519459.7829,12.9799,0x16c63b7cc37f012b9f59ee164ec03877914c701d06d48291ae8d6fc08a088b0d,24483563228660028121020430722896740519524131851526579619586176931221901842798,2026-balance-of-power-d-senate-d-house-949
13,0x2c335066FE58fe9237c3d3Dc7b275C2a034a0563-1759935795465,0x2c335066fe58fe9237c3d3dc7b275c2a034a0563,"2026 Balance of Power: D Senate, D House",Yes,8004002.82,0.5,0.435,4002001.41,3481741.2267,-520260.1833,-12.9999,0x16c63b7cc37f012b9f59ee164ec03877914c701d06d48291ae8d6fc08a088b0d,34722410608062854697106861099776685947172185964394483545370684749662285977831,2026-balance-of-power-d-senate-d-house-949
13,0x2c335066FE58fe9237c3d3Dc7b275C2a034a0563-1759935795465,0x2c335066fe58fe9237c3d3dc7b275c2a034a0563,Will Trump be in the WC Champions Photo?,Yes,63459.5423,0.8967,0.9935,56904.8061,63047.0553,6142.2491,10.7939,0xc0b7319f73f248310b059c231fb069e64dbd68ca81dd9933728ca192b54c3cc4,64778757908501179476331390591326653229579537200061619395979045269181713848562,will-trump-be-in-the-wc-champions-photo-20260608152527021
13,0x2c335066FE58fe9237c3d3Dc7b275C2a034a0563-1759935795465,0x2c335066fe58fe9237c3d3dc7b275c2a034a0563,Will Andy Burnham be the next Prime Minister of the United Kingdom in 2026?,Yes,36131.7599,0.3968,0.9995,14337.9494,36113.694,21775.7445,151.8748,0x763a7f1e440693b54c56da02d338c2092053567dd865174387d06ee5612fdc9e,22879769232544702309459734857825459980910104747937470036552736453122914481526,will-andy-burnham-be-the-next-prime-minister-of-the-united-kingdom-in-2026-882
13,0x2c335066FE58fe9237c3d3Dc7b275C2a034a0563-1759935795465,0x2c335066fe58fe9237c3d3dc7b275c2a034a0563,NBA Summer League: Memphis Grizzlies vs. Golden State Warriors,Golden State Warriors,18540.43,0.5845,0.9995,10838.4016,18531.1597,7692.758,70.9768,0xc17c43a7464a409138794cbb6cb58a6f4941744f9f2863391b67ebc04cbe6ba6,101662658193460604987401639285828207218524604587281764548992190095366340204922,nbasl-mem-gsw-2026-07-19
13,0x2c335066FE58fe9237c3d3Dc7b275C2a034a0563-1759935795465,0x2c335066fe58fe9237c3d3dc7b275c2a034a0563,"Will Bitcoin dip to $35,000 by December 31, 2026?",No,19995.73,0.85,0.895,16996.3705,17896.1783,899.8077,5.2941,0x2745c38ff0617cb345c1d2df19b4f74ea777508e07411e88eeb6ab3affcda2a2,106725919441008051918080506395399719013818419425017982342714970506626839446049,will-bitcoin-dip-to-35000-by-december-31-2026-744-877-748-219-467-465-646-211-122-947-537-552-555-361-972-954-635-887-657-996
13,0x2c335066FE58fe9237c3d3Dc7b275C2a034a0563-1759935795465,0x2c335066fe58fe9237c3d3dc7b275c2a034a0563,Counter-Strike: Fluxo W7M vs Imperial (BO5) - BetBoom RUSH B! Summit Playoffs,Imperial,50854.1,0.6,0.335,30512.46,17036.1235,-13476.3364,-44.1666,0x76f8d0515c0d4cc982a833112c2ec3febe7b2cc055dfa800bac2524362541fa2,37466384260797909059670252074331953387698169870831582913485927234666208598138,cs2-fxw7-imp11-2026-07-19
13,0x2c335066FE58fe9237c3d3Dc7b275C2a034a0563-1759935795465,0x2c335066fe58fe9237c3d3dc7b275c2a034a0563,Boston Red Sox vs. New York Yankees,New York Yankees,27715.59,0.49,0.49,13580.6391,13580.6391,0.0,0.0,0x0bbc63372aaf0867db23fc361b4e37f7d3125c7acef6cc8e2d5ce40f65b7e523,96836228201794844622945838043146844817568481033220546312063092006402562136679,mlb-bos-nyy-2026-06-06
13,0x2c335066FE58fe9237c3d3Dc7b275C2a034a0563-1759935795465,0x2c335066fe58fe9237c3d3dc7b275c2a034a0563,Will Club Alianza Lima vs. CS Huancayo end in a draw?,No,6901.41,0.8,0.9995,5521.128,6897.9592,1376.8311,24.9374,0x7714fbe26d8aacd8353a195dfdb55178487e7cc12dd71ab79f567415ed1b89fa,113594765558003359488879212592319915515820108731888853395642205714579318296599,per1-cal-csh-2026-07-19-draw
13,0x2c335066FE58fe9237c3d3Dc7b275C2a034a0563-1759935795465,0x2c335066fe58fe9237c3d3dc7b275c2a034a0563,Los Angeles Dodgers vs. New York Yankees,Los Angeles Dodgers,6147.5997,0.4882,0.9995,3001.4671,6144.5259,3143.0587,104.7174,0x7f1a83420fad6f4b7269bdc440546b05492a6457534a6a511d20babd02da3a7c,42176986171258899175066582967689667674675297176059084827747288568446712456939,mlb-lad-nyy-2026-07-18
13,0x2c335066FE58fe9237c3d3Dc7b275C2a034a0563-1759935795465,0x2c335066fe58fe9237c3d3dc7b275c2a034a0563,"Will Bitcoin dip to $25,000 by December 31, 2026?",No,2971.13,0.92,0.945,2733.4396,2807.7178,74.2781,2.7173,0xe326d1abf5fb59b82ecfdff3348e75f90561eace327ba1bdc8d38d045ddbe775,44020894143429291435765313920570636537547227867267163638960074550696342100042,will-bitcoin-dip-to-25000-by-december-31-2026-948-243-253-666-115-787-981-282-573-719-186-417-762-754-486-851-278-145-417-178
15,0x006cc834Cc092684F1B56626E23BEdB3835c16ea-1729683673397,0x006cc834cc092684f1b56626e23bedb3835c16ea,Hantavirus pandemic in 2026?,No,83357.7827,0.9119,0.9675,76018.6301,80648.6548,4630.0246,6.0906,0xa4ddc18895cc7b14810283ef8f113939abffd3969c6a0e37f1897110c67e6f73,95212449865986159112377413335252801281670333750637442556685159781445406848396,hantavirus-pandemic-in-2026
15,0x006cc834Cc092684F1B56626E23BEdB3835c16ea-1729683673397,0x006cc834cc092684f1b56626e23bedb3835c16ea,Will Andy Burnham be the next Prime Minister of the United Kingdom in 2026?,Yes,8079.55,0.4409,0.9995,3562.2735,8075.5102,4513.2366,126.6953,0x763a7f1e440693b54c56da02d338c2092053567dd865174387d06ee5612fdc9e,22879769232544702309459734857825459980910104747937470036552736453122914481526,will-andy-burnham-be-the-next-prime-minister-of-the-united-kingdom-in-2026-882
15,0x006cc834Cc092684F1B56626E23BEdB3835c16ea-1729683673397,0x006cc834cc092684f1b56626e23bedb3835c16ea,Will Count Binface win the Clacton by-election?,No,337.99,0.9613,0.959,324.9283,324.1324,-0.7959,-0.2449,0x513bf1706e9cbf61b7cc56f12803b1b72a522bae3c5157e7b356abdf36e2e72d,32297803302993713313108060905404383549758162417221119670561510997445538824361,will-count-binface-win-the-clacton-by-election-20260707211451133
15,0x006cc834Cc092684F1B56626E23BEdB3835c16ea-1729683673397,0x006cc834cc092684f1b56626e23bedb3835c16ea,Will Count Binface win less than 10% of votes in the Clacton parliamentary by-election?,No,255.66,0.5926,0.725,151.5291,185.3535,33.8243,22.3219,0x57386fa65bb2d5264e28c20dc9ee89240d5f30f7615c6010ff6eb22a3c50e1e3,54556308966957778058867283981701806660197335841030147127279628017129760135316,will-count-binface-win-less-than-10-of-votes-in-the-clacton-parliamentary-by-election-20260708142507719
16,beachboy4,0xc2e7800b5af46e6093872b177b7a5e7f0563be51,Will Donald Trump win the 2028 Republican presidential nomination?,Yes,248651.2632,0.0402,0.0135,10014.6782,3356.792,-6657.8862,-66.4812,0x895e01dbf3e6a33cd9a44ca0f8cdb5df1bd2b0b6ebed5300d28f8da7145145e4,3039641309958397001906153616677074061284510636204155275446291716739429262374,will-donald-trump-win-the-2028-republican-presidential-nomination
20,DrPufferfish,0xdb27bf2ac5d428a9c63dbc914611036855a6c56e,Will Africa (CAF) win the 2026 FIFA World Cup?,No,2139.5026,0.925,1.0,1979.0399,2139.5026,160.4626,8.1081,0xd71197329e1145258b960c36269870229ee816b0aa089e8f1b64ea196d7e2d08,105933029641124149476040127626722302831560342486456292015033100559176356663875,will-africa-win-the-2026-fifa-world-cup
20,DrPufferfish,0xdb27bf2ac5d428a9c63dbc914611036855a6c56e,Will Oceania (OCF) win the 2026 FIFA World Cup?,No,380.8519,0.98,1.0,373.2349,380.8519,7.6169,2.0407,0xf212bd2891f0e33a1c16730bd8980c69ffd9d0eca10b43191b73dac023262fed,46393699118117118740004171834326435888925837052616651022511632540633151827992,will-oceania-win-the-2026-fifa-world-cup
28,Sin nombre,0x076daa87c4fe1a85402a9b6b8e0a866224388d4c,Will Sabah FK win on 2026-07-21?,Yes,62915.2416,0.5423,0.575,34124.2204,36176.2639,2052.0434,6.0134,0xeb9efeb9813767d7c6eb5ae79d18f7cfcd5bd5a408292e03b7e725bc521f5a16,44971789301546128777641180884981595027630358068436583421167677649475608607271,ucl-sf-kps-2026-07-21-sf
28,Sin nombre,0x076daa87c4fe1a85402a9b6b8e0a866224388d4c,Will Qarabağ Ağdam FK win on 2026-07-23?,Yes,14656.4903,0.5212,0.575,7639.9887,8427.4819,787.4931,10.3075,0x3d7a975be54b6a10a0ed071f12d4fed157e7e01c11da5f585ece547917f71d38,26256799145206040144492778833479436425835145989766120090844375759937418233457,uel-qar-csk1-2026-07-23-qar
28,Sin nombre,0x076daa87c4fe1a85402a9b6b8e0a866224388d4c,Will Tromsø IL win on 2026-07-23?,Yes,14536.1728,0.5549,0.5649,8066.1513,8211.484,145.3326,1.8017,0xe85d65538ebcf8bd8adb2397657946a5a1638e4cc806eef37138ca12058d3a45,105969000021106831705058193444326870800289418851798196641004737770142067369944,uel-tro-hra-2026-07-23-tro
28,Sin nombre,0x076daa87c4fe1a85402a9b6b8e0a866224388d4c,Livesport Prague Open: Nikola Bartunkova vs Yue Yuan,Nikola Bartunkova,7228.51,0.7,0.6949,5059.9569,5023.0915,-36.8654,-0.7285,0xb5a00342b8d5547e3ef04896d928b1438fe1614b40ac813afbcd9a5df235f44f,15675423730949583574764057368320104754758216744720927856454315047234648476446,wta-bartunk-yuan-2026-07-20
28,Sin nombre,0x076daa87c4fe1a85402a9b6b8e0a866224388d4c,Will FCSB win on 2026-07-23?,Yes,3507.881,0.7342,0.735,2575.6897,2578.2925,2.6027,0.101,0x9fdd54ac2cb3d12f4bbb385357cdb899ebb5a00d958ca37e5139abd52b1f667f,58129924468054020089156261223856853238654925595151193252199938266585813647768,col-ste-aud-2026-07-23-ste
28,Sin nombre,0x076daa87c4fe1a85402a9b6b8e0a866224388d4c,Livesport Prague Open: Laura Samson vs Maya Joint,Maya Joint,3706.9833,0.5999,0.595,2224.1862,2205.655,-18.5312,-0.8331,0x2ddf4d804d0ee9056714678683268dde35fe25539df727e480539de048106623,91799382220361392819238490155167759580105647915260562346067745849695736960013,wta-samson-joint-2026-07-20
28,Sin nombre,0x076daa87c4fe1a85402a9b6b8e0a866224388d4c,Will Kalmar FF win on 2026-07-20?,Yes,5514.6857,0.3499,0.3449,1930.1344,1902.0151,-28.1193,-1.4568,0x75e03819d365a2eb8ef8978c554e59e766b6365d2825686d36a9ca35e9d36be0,58787588076029207476900820896334672774061993994499816834246360229818188061482,swe-kal-mal-2026-07-20-kal
28,Sin nombre,0x076daa87c4fe1a85402a9b6b8e0a866224388d4c,Generali Open: Alexandre Muller vs Mariano Navone,Mariano Navone,2279.7682,0.8199,0.825,1869.4077,1880.8088,11.401,0.6098,0x6d6c592916c42d16693dc665ab1fbfd066671e64bdf2325b834f5b91aa192848,23223298172597134497291010280641361739800681909026403850764755297932236646989,atp-muller-navone-2026-07-20
28,Sin nombre,0x076daa87c4fe1a85402a9b6b8e0a866224388d4c,Will GNK Dinamo Zagreb win on 2026-07-21?,No,3478.3513,0.5368,0.525,1867.339,1826.1344,-41.2046,-2.2065,0xd302b6ee3046d2de52c97503dbff1ccd42455650de29ab67f1ae7dfc6fae5bca,75118132491538520790268344087132810367540746166275113465329857941435075470762,ucl-thu-din-2026-07-21-din
28,Sin nombre,0x076daa87c4fe1a85402a9b6b8e0a866224388d4c,Livesport Prague Open: Veronika Podrez vs Carol Young Suh Lee,Veronika Podrez,2539.2858,0.4091,0.4505,1039.0021,1143.9482,104.946,10.1006,0x178c6d259fc808dc6d2b60e59168fc6fa878d8c81e7a05cbecc35898db62a902,51021653311120225493176945298521826133363451478378449913331470290258510573297,wta-podrez-lee-2026-07-20
28,Sin nombre,0x076daa87c4fe1a85402a9b6b8e0a866224388d4c,Will SK Puntigamer Sturm Graz win on 2026-07-21?,Yes,2130.1142,0.5316,0.535,1132.5774,1139.6111,7.0336,0.621,0x9f8c38f5fe2e1d092ae852dfd8885ee89eca891b272d5985669b9da370b45e99,82411448902731685892299819085211547800463985409022968656960838101441696763939,ucl-stu1-hmi-2026-07-21-stu1
28,Sin nombre,0x076daa87c4fe1a85402a9b6b8e0a866224388d4c,Will AS Omónoia Leukosías win on 2026-07-22?,Yes,1833.991,0.5669,0.585,1039.7518,1072.8847,33.1328,3.1866,0x8b289fe7332bf7177650563b51c57b93d9e404a85fe24d664ce9537c4c84aece,45161617302229751808978785120827212625709225685307345549837686083280482664154,ucl-omo-kai-2026-07-22-omo
28,Sin nombre,0x076daa87c4fe1a85402a9b6b8e0a866224388d4c,Club Alianza Lima vs. CS Huancayo: 1st Half O/U 1.5,Over,946.6216,0.3699,0.9995,350.249,946.1483,595.8992,170.1358,0x2ceb659b35a6b31113048e03f7354716c7884558b8b618140bc68e26493d3e78,93922904364250071459216544135242753057573842063384378080674792234623408052455,per1-cal-csh-2026-07-19-first-half-total-1pt5
28,Sin nombre,0x076daa87c4fe1a85402a9b6b8e0a866224388d4c,Will KF Víkingur win on 2026-07-21?,No,1415.9214,0.6028,0.625,853.6562,884.9509,31.2946,3.6659,0xb768f11a370a961779f2d78f5d4d055ac3c3bda9ade7e09c60a2e278edeb5951,105699000901403619022985155911232286169335834598778892879462062529030834921606,ucl-vik-hbs-2026-07-21-vik
28,Sin nombre,0x076daa87c4fe1a85402a9b6b8e0a866224388d4c,Will Ararat-Armenia FA win on 2026-07-21?,Yes,1860.8479,0.416,0.415,774.2039,772.2519,-1.952,-0.2521,0x6fe82f20fb7eee30ef964b9c1a211ec14aedcfb199fd3949965dd12db92581ac,75874686360950922974925711375739244210460676536847477897841542254348239499757,ucl-a-a-shr-2026-07-21-a-a
28,Sin nombre,0x076daa87c4fe1a85402a9b6b8e0a866224388d4c,Set Handicap: Basilashvili (-1.5) vs Torres (+1.5),Basilashvili,1520.0196,0.5099,0.505,775.2084,767.6099,-7.5985,-0.9801,0x44c81ebc6a5b7b93382b428003704c8b638f204c0a8141f857b70fa692bfbc05,112489406401856381022005466815386968215604908663223602028344532688835474874877,atp-torre-basilas-2026-07-20-set-handicap-away-1pt5
28,Sin nombre,0x076daa87c4fe1a85402a9b6b8e0a866224388d4c,Fenerbahçe SK vs. Górnik Zabrze: Fenerbahçe SK O/U 2.5,Over,1245.0485,0.5391,0.515,671.2081,641.2,-30.0081,-4.4707,0x6b8f717d32f2c7b3d4c991e904df80ee3529b26495fdde69b681ae1f995f0d92,7988048610576542574829625783208926299795801667841503754446712765134333172321,ucl-fen-gor-2026-07-21-team-total-home-2pt5
28,Sin nombre,0x076daa87c4fe1a85402a9b6b8e0a866224388d4c,Will FC Drita win on 2026-07-21?,No,1140.3747,0.5225,0.535,595.8469,610.1004,14.2534,2.3921,0x54c20b1a28ef160a0e5c92a3febe3a74756915514c2828ee3d5ee4297f25ff0c,69315734026281457502653424451087822802632008671179168825096929277181951332019,col-flo1-dgj-2026-07-21-dgj
28,Sin nombre,0x076daa87c4fe1a85402a9b6b8e0a866224388d4c,Will FC Drita win on 2026-07-21?,Yes,1168.3176,0.4846,0.465,566.1678,543.2677,-22.9001,-4.0447,0x54c20b1a28ef160a0e5c92a3febe3a74756915514c2828ee3d5ee4297f25ff0c,53907182354717947981985066417734287344113930595239294746536805997395400976233,col-flo1-dgj-2026-07-21-dgj
28,Sin nombre,0x076daa87c4fe1a85402a9b6b8e0a866224388d4c,Will FK Partizan Beograd win on 2026-07-23?,Yes,704.9638,0.759,0.755,535.119,532.2477,-2.8713,-0.5365,0x159376ce78fdf9dafb626b22c8cf89263c6af2c95387fe4344fd46d30300c94a,65620902705921706650947509636034465898280720475254143249160369952786727776935,col-par-una-2026-07-23-par
28,Sin nombre,0x076daa87c4fe1a85402a9b6b8e0a866224388d4c,Will Shanghai Shenhua FC vs. Beijing Guoan FC end in a draw?,No,586.5714,0.7699,0.835,451.6594,489.7871,38.1276,8.4416,0xfc81f849ae77be28286d8689a4b25e901fa7e18a874d996d03f72a7cdcdd624a,109589687198911474602310787026097969536047092876812414828400128701581994068859,chi-sgr-bgu-2026-07-11-draw
28,Sin nombre,0x076daa87c4fe1a85402a9b6b8e0a866224388d4c,Estoril Open: Titouan Droguet vs Camilo Ugo Carabelli,Camilo Ugo Carabelli,909.7884,0.5199,0.525,473.089,477.6389,4.5498,0.9617,0x38fb3da657b9ccd009e1510c46e6c4728a3c9e6d4d43a781c9cd73bf521b4918,62659139656549751245495227854320354281833681748573079343157504056177781601562,atp-droguet-carabel-2026-07-20
28,Sin nombre,0x076daa87c4fe1a85402a9b6b8e0a866224388d4c,Will Kalmar FF win on 2026-07-20?,No,724.9962,0.64,0.655,463.9976,474.8725,10.8748,2.3437,0x75e03819d365a2eb8ef8978c554e59e766b6365d2825686d36a9ca35e9d36be0,108722632500175130036350715492756584778000825641503028920276722278075299783449,swe-kal-mal-2026-07-20-kal
28,Sin nombre,0x076daa87c4fe1a85402a9b6b8e0a866224388d4c,Will Hammarby Fotboll win on 2026-07-23?,Yes,1158.2837,0.3474,0.405,402.4375,469.1049,66.6673,16.5658,0xf4ee7346ac76b9239301a6f0cc36fbea1c5f4bacde46b1c0741bc6efe17d7576,111555008311249117344716974600666562225495429135070456752167087537860161387988,uel-hif-and-2026-07-23-hif
28,Sin nombre,0x076daa87c4fe1a85402a9b6b8e0a866224388d4c,Zug: Jerome Kym vs Jay Clarke,Jerome Kym,575.5765,0.7352,0.7604,423.1794,437.6683,14.4888,3.4237,0x381803b9dd2ce69b81c54bd8ec55022a6746fb5c29e449846cf038e069aa3f43,63150807680976964725715115807753802783447042086445159506339197674536716902707,atp-kym-clarke-2026-07-20
28,Sin nombre,0x076daa87c4fe1a85402a9b6b8e0a866224388d4c,Will FK Borac Banja Luka win on 2026-07-23?,Yes,597.909,0.5666,0.685,338.7782,409.5676,70.7893,20.8954,0xe06fefdae79803caa08de8346118721082a6239d0101022efce3db6eaf31f892,12964078504062777051359598545627665663393604241349481799053118011512579682768,col-bor-pet-2026-07-23-bor
28,Sin nombre,0x076daa87c4fe1a85402a9b6b8e0a866224388d4c,Tampere: Inaki Montes vs Hynek Barton,Hynek Barton,660.6231,0.5337,0.5445,352.5917,359.7093,7.1175,2.0186,0x52b9d617518c94238564c2e3545d76a05869b25f6f38c1cc8ca0943fa55792d4,71976577503166202938207187934350805508008454897187591779957610080013035059004,atp-montes-barton-2026-07-20
28,Sin nombre,0x076daa87c4fe1a85402a9b6b8e0a866224388d4c,Will Aarhus GF win on 2026-07-21?,Yes,763.0,0.44,0.455,335.72,347.165,11.4449,3.409,0xe3af6a504899f0c403463761fe02943292796b963da09e5b5d0a04feaac94b7f,54045064551129988502373170290178767888512501312058215990369760521366778355655,ucl-agf-lep-2026-07-21-agf
28,Sin nombre,0x076daa87c4fe1a85402a9b6b8e0a866224388d4c,Will Zirə FK win on 2026-07-23?,Yes,466.2921,0.5796,0.675,270.268,314.7471,44.479,16.4573,0xd6df30720280e963b4294c71f0ab72b85c1426bfdacdc3223d2a64002308efca,14797533504390563392590776249443477934782784131028093573702628391911568967391,col-pai-zir-2026-07-23-zir
28,Sin nombre,0x076daa87c4fe1a85402a9b6b8e0a866224388d4c,Will Santos FC win on 2026-07-21?,Yes,566.3921,0.5099,0.525,288.8594,297.3558,8.4963,2.9413,0xd79e1100fed3550b61cee8e45f86db2ec717881d532e5b5f5503d1b1541995bf,38911632121527915565265615197287296364672799736123584068487301574942570097616,sud-ucv-san-2026-07-21-san
28,Sin nombre,0x076daa87c4fe1a85402a9b6b8e0a866224388d4c,Will Bohemian FC win on 2026-07-22?,Yes,545.6274,0.5099,0.535,278.2694,291.9106,13.6411,4.9021,0xf194634652d8dbdb464a85ef173ca2d037cc6d488d547da4b56aace7b5b3a6ec,71797084206060818048654342113343781278586445813965591472193886064719180271488,col-bohe-bal2-2026-07-22-bohe
28,Sin nombre,0x076daa87c4fe1a85402a9b6b8e0a866224388d4c,Will Shelbourne FC win on 2026-07-23?,Yes,408.0172,0.5799,0.64,236.6495,261.131,24.4814,10.3449,0x1748445bf6b2e92c46c2bdaefdb3756092344203491e98acd167d2b0109c5054,27865714508001911287473471297295622277288550038054539200381144057094042803182,col-she1-nom-2026-07-23-she1
28,Sin nombre,0x076daa87c4fe1a85402a9b6b8e0a866224388d4c,IFK Göteborg leading at halftime?,Yes,510.0,0.51,0.47,260.1,239.7,-20.4,-7.8431,0xeee36fd80ef757be87e17ebb561e6a0e09c42d7235c25c61cd2e8b65331ec254,111086825164605928418666746277144947248295811616978454384821453026786830929262,col-got-lev-2026-07-21-halftime-result-home
28,Sin nombre,0x076daa87c4fe1a85402a9b6b8e0a866224388d4c,Will Grêmio FBPA win on 2026-07-23?,No,285.9876,0.8096,0.81,231.5496,231.6499,0.1002,0.0432,0x9d7d307368d0adb1bd350a139c120af2f0a1f59e7e46920b01ee25ec09b03a22,109165057976608316227243938996279495530735453683591171442080877891559519958572,sud-bol-gre-2026-07-23-gre
28,Sin nombre,0x076daa87c4fe1a85402a9b6b8e0a866224388d4c,New York Liberty vs. Dallas Wings,Dallas Wings,411.6542,0.5135,0.415,211.3893,170.8364,-40.5529,-19.1839,0xab8ae010035b47bdc729cc3c9af16207879732980e589115952cc1b6644963b2,18386271441913874494941370356828937234430606486544991081067542118117899761105,wnba-nyl-dal-2026-07-16
28,Sin nombre,0x076daa87c4fe1a85402a9b6b8e0a866224388d4c,Zug: Max Alcala Gurri vs Martin Krumich,Martin Krumich,342.701,0.4246,0.46,145.5393,157.6424,12.103,8.3159,0x17c0c0028f946a21f5535ef65b32fb84173d9e2bc376365da9533af44b0f2a15,25799816221106108782794778164394941200259959044090214763387962181412242988016,atp-gurri-krumich-2026-07-20
28,Sin nombre,0x076daa87c4fe1a85402a9b6b8e0a866224388d4c,Will FK Kauno Žalgiris win on 2026-07-21?,Yes,451.0681,0.3299,0.31,148.852,139.8311,-9.0209,-6.0603,0xa71c08b2cd9789b290b48612af77e632948fc03974493cbaf2d57a05eccd1bfd,37528417097500164071383409883423059735062867689932882109972526538662381540466,ucl-ki-kau-2026-07-21-kau
28,Sin nombre,0x076daa87c4fe1a85402a9b6b8e0a866224388d4c,Will Operário Ferroviário EC win on 2026-07-22?,Yes,188.6285,0.6999,0.7,132.0398,132.0399,0.0,0.0,0x8e094492db2c8dc1a4728da101af724426d5caa8d4b9c22be84b7f72ce38292d,36559853634049791415071817594454851785465449974972459017004213466848242216475,bra2-ope-pop-2026-07-22-ope
28,Sin nombre,0x076daa87c4fe1a85402a9b6b8e0a866224388d4c,Will Athletic Club win on 2026-07-23?,Yes,272.0,0.45,0.46,122.4,125.12,2.7199,2.2221,0xdf1d2bd36d2d9333ebba3eb4476bea1e6aec89f873547d6747bbff9e6ca2f8cb,88197184051695982581627657988743007038187129338715386158402534739824137940173,bra2-ath-ber-2026-07-23-ath
28,Sin nombre,0x076daa87c4fe1a85402a9b6b8e0a866224388d4c,Will Cuiabá EC win on 2026-07-23?,Yes,266.9772,0.4399,0.465,117.4697,124.1444,6.6746,5.6819,0xfd92a7186559b3eabfd8d14d5c737521e0b66392d51e896b2d363d70f64ded0d,82378786322522678908973280494574475800729498204505637738186569444418222838561,bra2-cui-acg-2026-07-23-cui
28,Sin nombre,0x076daa87c4fe1a85402a9b6b8e0a866224388d4c,Map Handicap: SK.N (-1.5) vs GIANTX GC (+1.5),SK Nebula,272.8372,0.4299,0.425,117.3197,115.9558,-1.3639,-1.1625,0xf28f4719cd9887622797c766c667a11b5f63eff7393ec0fa86be690600e286e1,96575399740439676019569650020371970190256386782604049638579479209334857242782,val-skn-gxgc-2026-07-20-map-handicap-away-1pt5
28,Sin nombre,0x076daa87c4fe1a85402a9b6b8e0a866224388d4c,FC Cincinnati vs. Vancouver Whitecaps FC: O/U 2.5,Under,358.4987,0.3398,0.32,121.8386,114.7196,-7.119,-5.8429,0xe435d91b391c7889b2248f28fe30af987ff0d5ed8e6f31d42167a644c28132ae,107257159801275552024681172986677911214648037348144422314440138682410854254467,mls-fcc-vwh-2026-07-22-total-2pt5
28,Sin nombre,0x076daa87c4fe1a85402a9b6b8e0a866224388d4c,Will Sabah FK win on 2026-07-21?,No,260.4908,0.4211,0.425,109.7096,110.7086,0.9989,0.9104,0xeb9efeb9813767d7c6eb5ae79d18f7cfcd5bd5a408292e03b7e725bc521f5a16,47268626575751365011669618825003576972992526889448864522694882784694279724041,ucl-sf-kps-2026-07-21-sf
28,Sin nombre,0x076daa87c4fe1a85402a9b6b8e0a866224388d4c,Will FC Baník Ostrava win on 2026-07-25?,Yes,237.2,0.4,0.43,94.88,101.996,7.116,7.5,0x79bae2288832301a281f93bef40e3a53b72bf709158e719b3e68fd4577a54bdb,68639791868860843604468987285281502423239435858454145100985359879892735196238,cze1-fcz-fbo-2026-07-25-fbo
3,RN1,0x2005d16a84ceefa912d4e380cd32e7ff827875ea,Counter-Strike: Fluxo W7M vs Imperial (BO5) - BetBoom RUSH B! Summit Playoffs,Fluxo W7M,40700.5837,0.46,0.665,18723.5302,27065.8881,8342.3578,44.5554,0x76f8d0515c0d4cc982a833112c2ec3febe7b2cc055dfa800bac2524362541fa2,3925845776571906637832177821932492572360997820087858525876073276574836325983,cs2-fxw7-imp11-2026-07-19
3,RN1,0x2005d16a84ceefa912d4e380cd32e7ff827875ea,Counter-Strike: Fluxo W7M vs Imperial - Map 3 Winner,Fluxo W7M,11867.9687,0.5633,0.9995,6686.1287,11862.0347,5175.9059,77.4125,0x6623dea6483d2a3f463d535ea36cfcb63624d0ca99f2aff12844418b7524e381,94736298577465559601017077070851899873195180578777930290701378398776998084449,cs2-fxw7-imp11-2026-07-19-game3
3,RN1,0x2005d16a84ceefa912d4e380cd32e7ff827875ea,Will Sabah FK win on 2026-07-21?,No,21000.0,0.4433,0.425,9309.993,8925.0,-384.993,-4.1352,0xeb9efeb9813767d7c6eb5ae79d18f7cfcd5bd5a408292e03b7e725bc521f5a16,47268626575751365011669618825003576972992526889448864522694882784694279724041,ucl-sf-kps-2026-07-21-sf
3,RN1,0x2005d16a84ceefa912d4e380cd32e7ff827875ea,Counter-Strike: Fluxo W7M vs Imperial - Map 2 Winner,Fluxo W7M,7830.7057,0.5147,0.9995,4030.9262,7826.7903,3795.864,94.1685,0xd76a2b255e203e96830be8db5f1c06a566f40a67a554f0879d95cdd109ecaddc,108877769818878910065842943222545165162848218306254119133866597590718468257128,cs2-fxw7-imp11-2026-07-19-game2
3,RN1,0x2005d16a84ceefa912d4e380cd32e7ff827875ea,Exact Score: Club Alianza Lima 2 - 3 CS Huancayo?,No,6190.0,0.9613,0.9995,5950.5584,6186.905,236.3465,3.9718,0x7186d2ddb44f6440d58ae67104c4fcea9f95ccba5ec4217d7ea97200c1608067,7572605274118472728066845505476362203463095349203050754505436395948491071913,per1-cal-csh-2026-07-19-exact-score-2-3
3,RN1,0x2005d16a84ceefa912d4e380cd32e7ff827875ea,Estoril Open: Titouan Droguet vs Camilo Ugo Carabelli,Titouan Droguet,10216.353,0.4751,0.475,4853.8404,4852.7677,-1.0727,-0.0221,0x38fb3da657b9ccd009e1510c46e6c4728a3c9e6d4d43a781c9cd73bf521b4918,26991140052047518540840463075421801383681329492727659806462587228069545805423,atp-droguet-carabel-2026-07-20
3,RN1,0x2005d16a84ceefa912d4e380cd32e7ff827875ea,Counter-Strike: Fluxo W7M vs Imperial (BO5) - BetBoom RUSH B! Summit Playoffs,Imperial,12817.154,0.5738,0.335,7354.97,4293.7466,-3061.2234,-41.6211,0x76f8d0515c0d4cc982a833112c2ec3febe7b2cc055dfa800bac2524362541fa2,37466384260797909059670252074331953387698169870831582913485927234666208598138,cs2-fxw7-imp11-2026-07-19
3,RN1,0x2005d16a84ceefa912d4e380cd32e7ff827875ea,Iasi Open: Mayar Sherif vs Paula Badosa,Mayar Sherif,11650.7587,0.3632,0.355,4232.2895,4136.0193,-96.2702,-2.2746,0xcfdbf84515096ab58349adfdf7cc61cd8febf5fd42030f48286f92d2f46a6437,8324558822550589420279597612770037873272482670297057944695843684959546272150,wta-sherif-badosa-2026-07-19
3,RN1,0x2005d16a84ceefa912d4e380cd32e7ff827875ea,Estoril Open: Botic van de Zandschulp vs Jaime Faria,Botic van de Zandschulp,5000.0,0.45,0.445,2250.0,2225.0,-25.0,-1.1111,0x0f568c8c8d439b13109756e84266ec36ea3ab87680e36dc5250842f56e987102,31871796057840131343988693038845974513394216428521994904895989217671670326385,atp-zandsch-faria-2026-07-20
3,RN1,0x2005d16a84ceefa912d4e380cd32e7ff827875ea,Arizona Diamondbacks vs. St. Louis Cardinals,Arizona Diamondbacks,4772.1301,0.4302,0.445,2053.0753,2123.5979,70.5225,3.4349,0xd639ab51a4ff3c0359c4a0bbc05283f088524c007692746778cd2618236859ec,46779723381704339196945414642157562369699423381301456693265473805729782194057,mlb-ari-stl-2026-06-25
3,RN1,0x2005d16a84ceefa912d4e380cd32e7ff827875ea,Will Club Alianza Lima vs. CS Huancayo end in a draw?,No,1576.8571,0.8006,0.9995,1262.5154,1576.0687,313.5532,24.8355,0x7714fbe26d8aacd8353a195dfdb55178487e7cc12dd71ab79f567415ed1b89fa,113594765558003359488879212592319915515820108731888853395642205714579318296599,per1-cal-csh-2026-07-19-draw
3,RN1,0x2005d16a84ceefa912d4e380cd32e7ff827875ea,Exact Score: Club Alianza Lima 3 - 2 CS Huancayo?,No,1522.8571,0.9587,0.9995,1460.0362,1522.0957,62.0594,4.2505,0xf2b8eda4bd0044547b0c48704c44e4844c08b95914a2aaec2124d98189706049,36764555743005704701572404933595881872520422566881635820400558420035036577777,per1-cal-csh-2026-07-19-exact-score-3-2
3,RN1,0x2005d16a84ceefa912d4e380cd32e7ff827875ea,Boston Red Sox vs. New York Yankees,New York Yankees,3057.0029,0.4999,0.49,1528.2721,1497.9314,-30.3407,-1.9852,0x0bbc63372aaf0867db23fc361b4e37f7d3125c7acef6cc8e2d5ce40f65b7e523,96836228201794844622945838043146844817568481033220546312063092006402562136679,mlb-bos-nyy-2026-06-06
3,RN1,0x2005d16a84ceefa912d4e380cd32e7ff827875ea,Map Handicap: IMP (-1.5) vs Fluxo W7M (+1.5),Fluxo W7M,1352.2285,0.8336,0.9995,1127.3353,1351.5524,224.217,19.8891,0x8cfa1a91dab3b8b074e9b63e1d3f8e066a20f7199e196d70a27409999bacf244,65893142387343633288419258841214415534734855911591798900083422739573300165501,cs2-fxw7-imp11-2026-07-19-map-handicap-home-1pt5
3,RN1,0x2005d16a84ceefa912d4e380cd32e7ff827875ea,Shanghai Haigang FC vs. Dalian Yingbo FC: O/U 1.5,Under,3356.6435,0.08,0.395,268.5314,1325.8742,1057.3427,393.7499,0x7453466521ed6a2ef40639e620f9c681d502ea0eb8b04600350dd22162330f6a,34904090156365602762777571582673074794277650672387514619127140195207621408537,chi-shp-ygb-2026-07-12-total-1pt5
3,RN1,0x2005d16a84ceefa912d4e380cd32e7ff827875ea,San Francisco Giants vs. Atlanta Braves: O/U 7.5,Over,2184.4664,0.47,0.575,1026.6992,1256.0681,229.3688,22.3404,0xe5907ee5b1cbb4a4a905e29edaf2222f46f257e3780a8572791f0546236acbd3,73474564211391953630981582946164850538866938915152946906783272888101030541319,mlb-sf-atl-2026-06-18-total-7pt5
3,RN1,0x2005d16a84ceefa912d4e380cd32e7ff827875ea,Club Alianza Lima vs. CS Huancayo: O/U 3.5,Under,1143.5702,0.4338,0.9995,496.0945,1142.9984,646.9038,130.3993,0x6ef2f579547317487e4d5f6dcbe9e0cfa2f606bb0f5a506dd55967882615cf1c,29033659329397738605494628954149408912769188360219018846645720622230169613862,per1-cal-csh-2026-07-19-total-3pt5
3,RN1,0x2005d16a84ceefa912d4e380cd32e7ff827875ea,Lexus Eastbourne Open: Brandon Nakashima vs Jack Draper,Jack Draper,1782.2469,0.44,0.5,784.1886,891.1234,106.9347,13.6363,0xc2930df535462409523c4330b7bea5eca23e7b3d0df4bf36db15c9c3c73f7bd0,54400402516724723081372916113255022761816300629539732358097111853410875207688,atp-nakashi-draper-2026-06-22
3,RN1,0x2005d16a84ceefa912d4e380cd32e7ff827875ea,Will CS Huancayo win on 2026-07-19?,No,870.4251,0.9092,0.9995,791.4488,869.9899,78.541,9.9236,0x12a568db8fd5bc929773165e5ccfb319c1e129ec9ec0528d58b712278aefbb39,104662853588066723623631380074057312252593282745913209043136347272705800100484,per1-cal-csh-2026-07-19-csh
3,RN1,0x2005d16a84ceefa912d4e380cd32e7ff827875ea,Games Total: O/U 4.5,Over,1294.5349,0.4747,0.58,614.5649,750.8302,136.2652,22.1726,0xf89f534821643ee141e4cbad46b528350b7d21c557f3235b099c5cb8662c3aba,33410565160843054972525441968135546707936896685098546041217736954648234747965,cs2-fxw7-imp11-2026-07-19-total-games-4pt5
3,RN1,0x2005d16a84ceefa912d4e380cd32e7ff827875ea,Club Alianza Lima vs. CS Huancayo: 1st Half O/U 0.5,Over,664.6562,0.68,0.9995,451.9662,664.3239,212.3576,46.9852,0x298edbdcd56254ef9c6aaad0ceabb3b52c05b063e6a209bb0b957e377858ef3f,13654783132576610512569032837674314214607989221400949388063245798681935327771,per1-cal-csh-2026-07-19-first-half-total-0pt5
3,RN1,0x2005d16a84ceefa912d4e380cd32e7ff827875ea,Makarska: Rebecca Sramkova vs Tara Wurth,Tara Wurth,1302.1397,0.22,0.5,286.4707,651.0698,364.599,127.2726,0x6e52e45529e66a5422eb427624a7bff1a53071edeadecb098931575f4953b4bc,65771043789177913597332645290181817752421794859798893825842787853978964203874,wta-sramkov-wurth-2026-06-03
3,RN1,0x2005d16a84ceefa912d4e380cd32e7ff827875ea,Map Handicap: FXW7 (-1.5) vs Imperial (+1.5),Imperial,587.1037,0.7531,0.755,442.1953,443.2633,1.0679,0.2414,0xff62b9005d4eecef83ccb18cf021cdf8cbfe4b99587a8a5794c48bc649077f98,112739981444503999502594920844113975656992473395040524477170914104445622016900,cs2-fxw7-imp11-2026-07-19-map-handicap-away-1pt5
3,RN1,0x2005d16a84ceefa912d4e380cd32e7ff827875ea,Games Total: O/U 3.5,Over,343.0374,0.6969,0.9995,239.0953,342.8658,103.7704,43.4012,0xf2987e961f3a52513c3e836a507104adff33919899ef8787739eafdf640b7650,69071132314185016331287697125706776847748158127391717068950896806176497888356,cs2-fxw7-imp11-2026-07-19-total-games-3pt5
3,RN1,0x2005d16a84ceefa912d4e380cd32e7ff827875ea,Braunschweig: Martin Krumich vs Francisco Comesana,Francisco Comesana,682.48,0.5,0.5,341.24,341.24,0.0,0.0,0x50fc8b640d85037e37c72902432f6c69f7fa2cee117f1ab821ba4b1aa3426e93,50056284883799806411378862760971254995478832576151672730710303345243171097207,atp-krumich-comesan-2026-07-07
3,RN1,0x2005d16a84ceefa912d4e380cd32e7ff827875ea,Will Club Alianza Lima win on 2026-07-19?,Yes,311.4481,0.6828,0.9995,212.6801,311.2924,98.6122,46.3664,0xb58fe14b388b901c69843773f4ff435237ae707924e69369c979f059ebfe01ed,46205608263096308577732322597118988669052074736101644752680806757356133007369,per1-cal-csh-2026-07-19-cal
3,RN1,0x2005d16a84ceefa912d4e380cd32e7ff827875ea,Boston Red Sox vs. New York Yankees: O/U 7.5,Under,528.4039,0.4416,0.5805,233.3912,306.7385,73.3472,31.4267,0xc53b6056373f3659365afa094b4ba9af14f540b576a8ca0347309be8b4ed3228,55493613511176998081819315048480012158342616545272583543226066833035560810012,mlb-bos-nyy-2026-06-06-total-7pt5
3,RN1,0x2005d16a84ceefa912d4e380cd32e7ff827875ea,Atlanta Braves vs. Chicago White Sox: O/U 8.5,Over,419.1681,0.47,0.675,197.009,282.9384,85.9293,43.6169,0xfd2052594f25def40a18550640ee55714e2b45e1302e1ed59a8b96427742992d,39832701545690665052464566361517180109721294037130531193336030291562909597078,mlb-atl-cws-2026-06-11-total-8pt5
3,RN1,0x2005d16a84ceefa912d4e380cd32e7ff827875ea,Atlanta Braves vs. Chicago White Sox,Atlanta Braves,470.8325,0.4799,0.525,225.9812,247.187,21.2057,9.3838,0xbabc896225844371b57a54468c5e2638a47fc64039765fb61c68d10f23885331,50758375613609205206722321143299691492416072642609722392299342065304974315278,mlb-atl-cws-2026-06-11
3,RN1,0x2005d16a84ceefa912d4e380cd32e7ff827875ea,Cary: Yosuke Watanuki vs Braden Shick,Braden Shick,438.7878,0.34,0.5,149.1878,219.3939,70.206,47.0587,0x6fc95f0ae8dbcbf691a68824a634b2cae70710a1e5cbe5714ad9938a7962447d,68330161547896678599284777061266925637002823083559453564223134019741866513162,atp-watanuk-shick-2026-07-04
3,RN1,0x2005d16a84ceefa912d4e380cd32e7ff827875ea,ITF Uslar: Oleksii Krutykh vs Ruben Hartig,Oleksii Krutykh,134.7539,0.6939,1.0,93.513,134.7539,41.2408,44.1016,0x88aae69de113ab812fd73ac8edd98e813757e6133e63a7fbf6d271d7da179a4b,86097050413040638004459055957246742879818282908178834541853322879054180257757,itf-krutykh-hartig-2026-07-17
3,RN1,0x2005d16a84ceefa912d4e380cd32e7ff827875ea,Boston Red Sox vs. New York Yankees: O/U 8.5,Over,244.5169,0.4802,0.41,117.4319,100.2519,-17.18,-14.6297,0x717c526bb6a5946f75423352cdbd0d92ab87651710a7740997126d58b3a7925d,77199321860612511397808904836318319472808691500639566938565237469034135093884,mlb-bos-nyy-2026-06-06-total-8pt5
30,ndb1,0xfea31bc088000ff909be1dfd8d0e3f2c7ef2d227,Will the Republican Party control the Senate after the 2026 Midterm elections?,Yes,3930000.0,0.5,0.5649,1965000.0,2220057.0,255057.0,12.98,0x86bfb53af7250a40928975c551d12c185b762fa4ce0b40c6a64a50c946d72587,51939490109676186832507970701169130490548061087912630009168726706475001411420,will-the-republican-party-control-the-senate-after-the-2026-midterm-elections
30,ndb1,0xfea31bc088000ff909be1dfd8d0e3f2c7ef2d227,Will the Republican Party control the Senate after the 2026 Midterm elections?,No,3930000.0,0.5,0.435,1965000.0,1709550.0,-255450.0,-13.0,0x86bfb53af7250a40928975c551d12c185b762fa4ce0b40c6a64a50c946d72587,108587038225191871355030577171066853142535232042155117887981453750193713427381,will-the-republican-party-control-the-senate-after-the-2026-midterm-elections
30,ndb1,0xfea31bc088000ff909be1dfd8d0e3f2c7ef2d227,Will the Democratic Party control the Senate after the 2026 Midterm elections?,No,3000000.0,0.5,0.5649,1500000.0,1694699.9999,194699.9998,12.9799,0x307a1ed89d60b61002dd5bbf00e1408c5ed2ab3fcdb056191ca7ef9bc34d38f3,107118433685650702332040991454078902188473746599223732907923581436160160612542,will-the-democratic-party-control-the-senate-after-the-2026-midterm-elections
30,ndb1,0xfea31bc088000ff909be1dfd8d0e3f2c7ef2d227,Will the Democratic Party control the Senate after the 2026 Midterm elections?,Yes,3000000.0,0.5,0.435,1500000.0,1305000.0,-195000.0,-13.0,0x307a1ed89d60b61002dd5bbf00e1408c5ed2ab3fcdb056191ca7ef9bc34d38f3,113287701564209339913693347405685749986285999146352375265161592243948562084773,will-the-democratic-party-control-the-senate-after-the-2026-midterm-elections
30,ndb1,0xfea31bc088000ff909be1dfd8d0e3f2c7ef2d227,Will Manchester City win the 2026-27 English Premier League (EPL) Championship?,No,286437.7885,0.7,0.715,200507.5977,204803.0187,4295.4209,2.1422,0x86e8f678e6cebb9596ffbb5a736b2ff9f36b12905d5b65b1556329c28533c7a1,15595081936246780886940656289399636714509677762753928040257148545998496082698,will-manchester-city-win-the-2026-27-english-premier-league-epl-championship-20260701200428761
30,ndb1,0xfea31bc088000ff909be1dfd8d0e3f2c7ef2d227,"Bitcoin all time high by December 31, 2026?",No,90068.559,0.8565,0.948,77151.1064,85384.9939,8233.8874,10.6724,0x18076e7d0f58a52d3d4f311d0456306edf16d1873cf5eef27d3ff044153e9576,28476986359136076319657791569918838578469356102120317109012208839383264384477,bitcoin-all-time-high-by-december-31-2026
30,ndb1,0xfea31bc088000ff909be1dfd8d0e3f2c7ef2d227,Will Ousmane Dembélé win the 2026 Ballon d'Or?,No,88343.6124,0.9568,0.9635,84535.2076,85119.0705,583.8628,0.6906,0x26f410f7518fa199678ef57f02637fc88be9b3b593346b00946d7ea451f4521b,109359154677724641879093510140547924238031773808324195577981722875545957189531,will-ousmane-dembl-win-the-2026-ballon-dor
30,ndb1,0xfea31bc088000ff909be1dfd8d0e3f2c7ef2d227,"Will Bitcoin hit $150k by December 31, 2026?",No,85633.8312,0.9038,0.9665,77398.34,82765.0978,5366.7577,6.9339,0x02deb9538f5c123373adaa4ee6217b01745f1662bc902e46ac92f3fe6f8741e8,55119388124180116303253993098894090042427725500010038140578121972388485050538,will-bitcoin-hit-150k-by-december-31-2026
30,ndb1,0xfea31bc088000ff909be1dfd8d0e3f2c7ef2d227,"Will Bitcoin reach $160,000 by December 31, 2026?",No,43049.3752,0.9449,0.9725,40677.3546,41865.5174,1188.1627,2.9209,0x472c9035786b390c08e674fc60bddda488957e1b8aecad3f5480cc531a0754b0,76803677654662369423401526996593319593052274118670807871700313758063944314185,will-bitcoin-reach-160000-by-december-31-2026-934-934-164
30,ndb1,0xfea31bc088000ff909be1dfd8d0e3f2c7ef2d227,"Bitcoin all time high by September 30, 2026?",No,35947.0451,0.9574,0.9845,34416.5637,35389.8659,973.3021,2.828,0x6123b5cc75c38ba9783f6c8ea260107b546c7d3454a8f9b5280c9921cc39f3d9,83201388473817538689098699976454044948420942042394344234505504073215269870334,bitcoin-all-time-high-by-september-30-2026
30,ndb1,0xfea31bc088000ff909be1dfd8d0e3f2c7ef2d227,"Will Bitcoin reach $200,000 by December 31, 2026?",No,30876.6315,0.9656,0.978,29816.081,30197.3456,381.2645,1.2787,0xac32e73aa9e0dae801d88d4f81efd2ef3fa0f04b815f3a0e74426f0762e668cd,96993471854400156408670527613150944443359272190785251193551242374636006072800,will-bitcoin-reach-200000-by-december-31-2026-752-232-389
30,ndb1,0xfea31bc088000ff909be1dfd8d0e3f2c7ef2d227,"Will Bitcoin reach $190,000 by December 31, 2026?",No,30000.0038,0.9654,0.9775,28962.2437,29325.0037,362.7599,1.2525,0xe71b9d788ce662d967ff2c90749ff8b26cee290455ef6cb84f33d1393ffae115,53681724624810962802139651760224055124229053661988036877478790017047551358289,will-bitcoin-reach-190000-by-december-31-2026-936-485-627
30,ndb1,0xfea31bc088000ff909be1dfd8d0e3f2c7ef2d227,"Will Bitcoin reach $180,000 by December 31, 2026?",No,25217.6196,0.9663,0.9795,24370.2319,24700.6584,330.4264,1.3558,0x799c35de1e5f3ebd75053643e020e6df9e9a3f477e3d6066eb0a8565f65d547f,100648871187681650041002285233301788584021004206651813214647764762464088008351,will-bitcoin-reach-180000-by-december-31-2026-629-622-598
30,ndb1,0xfea31bc088000ff909be1dfd8d0e3f2c7ef2d227,St. Louis Cardinals vs. Cincinnati Reds,St. Louis Cardinals,47199.0983,0.4212,0.42,19880.3074,19823.6212,-56.6862,-0.2851,0x8d8e0630bd63491f2a77d1e0fb0f2750ec4ff118151bade96b00700813d7c467,87933123144726310890811402999205755158846490812620156880478257515914162286783,mlb-stl-cin-2026-05-24
30,ndb1,0xfea31bc088000ff909be1dfd8d0e3f2c7ef2d227,"Will Bitcoin reach $170,000 by December 31, 2026?",No,19959.6715,0.9519,0.9795,19001.1681,19550.4982,549.33,2.891,0x9affeb38bce1e9a6de30e9ecada1ecfaf636574d3961cf3b9177299786214234,14872991750876454687235002820080062781044391778644201094284810713636030060089,will-bitcoin-reach-170000-by-december-31-2026-335-688-943
30,ndb1,0xfea31bc088000ff909be1dfd8d0e3f2c7ef2d227,MLB: Aaron Judge or Juan Soto to draw more walks?,Soto,15280.17,0.2719,0.905,4155.5644,13828.5538,9672.9893,232.7719,0x7e8f8596bceba09095a584e6f2ce3a0df89ae90890ac2013756941531a1e60b5,22950994476993217816620059342676363932633660110705295996162691702412928292772,mlb-aaron-judge-or-juan-soto-to-draw-more-walks
30,ndb1,0xfea31bc088000ff909be1dfd8d0e3f2c7ef2d227,"Will Bitcoin reach $250,000 by December 31, 2026?",No,11833.59,0.9803,0.985,11600.9179,11656.0861,55.1681,0.4755,0x6fefc0438c7598b23531457c8c60541990d0786bd4bd9dfc3eabc8d95c291092,68320692409850091190490975441025843632582876963922128660910974326175304515755,will-bitcoin-reach-250000-by-december-31-2026-579-442
30,ndb1,0xfea31bc088000ff909be1dfd8d0e3f2c7ef2d227,Spread: St. Louis Cardinals (-1.5),Cincinnati Reds,13278.7409,0.5616,0.705,7458.0579,9361.5123,1903.4543,25.5221,0x09b9f51bd1767cd5429c18092e8e1d03370831e777eaa8219e6a90febe66172a,82743402429481822600060436861279066541815520939632756404712845046853742685420,mlb-stl-cin-2026-05-24-spread-away-1pt5
30,ndb1,0xfea31bc088000ff909be1dfd8d0e3f2c7ef2d227,Will Han Feng Win the 2026 WSOP Main Event?,No,4849.99,0.9345,0.925,4532.4902,4486.2407,-46.2495,-1.0203,0x407a57edbe2b72c403cfee2c0f43e4b54f1b70a2531c7ad598849c3a70c2ad99,39003769669220625379205669582088469808118085420732999645590131681384534331823,will-han-feng-win-the-2026-wsop-main-event-20260714164320768
30,ndb1,0xfea31bc088000ff909be1dfd8d0e3f2c7ef2d227,Tampa Bay Rays vs. New York Yankees,Tampa Bay Rays,5898.0756,0.4081,0.41,2407.4175,2418.211,10.7934,0.4483,0x0da3005f7d57b33cac257bcd4633611dd601709d2fa8bcb55749a98a3114d99f,100908591883819936055197348924261051691111832911329162096147836183386449626868,mlb-tb-nyy-2026-05-23
30,ndb1,0xfea31bc088000ff909be1dfd8d0e3f2c7ef2d227,Will Aaron Judge win the 2026 American League Hank Aaron Award?,No,1481.84,0.6516,0.983,965.6884,1456.6487,490.9602,50.8404,0xb040d3eff979a01b34d6c5952faf1c490e77c7a4f8dff3733e3d826d37525c2d,37880039445502893970278506658133959871460847655201405933125750292562954546467,will-aaron-judge-win-the-2026-american-league-hank-aaron-award
30,ndb1,0xfea31bc088000ff909be1dfd8d0e3f2c7ef2d227,Will Cleveland Guardians win the 2026 AL Central title?,Yes,3428.91,0.61,0.4,2091.6351,1371.564,-720.071,-34.4262,0x308ee24a8f46e8e61286e9b0661cc42e09c34c93bc46dd4842070a2daf928dee,25881951700939236522097784334284620545096077969935795933683077837212629178847,will-cleveland-guardians-win-the-2026-al-central-title
30,ndb1,0xfea31bc088000ff909be1dfd8d0e3f2c7ef2d227,Will Shohei Ohtani win the 2026 National League MVP Award?,Yes,1540.05,0.6398,0.795,985.3855,1224.3397,238.9541,24.2498,0x5244e82400ae4fb15981580bd5d6782f00ee0451c6d9b1dd04ac355f9ba76e53,60384423866031184678290594238742960311610445395425380345882318544287651767723,will-shohei-ohtani-win-the-2026-national-league-mvp-award
30,ndb1,0xfea31bc088000ff909be1dfd8d0e3f2c7ef2d227,Will Aaron Judge lead the MLB in RBIs for the 2026 regular season?,No,1217.7171,0.79,0.9925,961.9965,1208.5842,246.5876,25.6328,0xbc28d92c08f105390938288ba18a4e500978bcc8880eb7b07401e4e4d503160f,2324936768764778348191327807709541748093729464556290705063990785488956250544,will-aaron-judge-lead-the-mlb-in-rbis-for-the-2026-regular-season
30,ndb1,0xfea31bc088000ff909be1dfd8d0e3f2c7ef2d227,Will Bryce Eldridge win the 2026 NL Rookie of the Year award?,No,1000.0,0.978,0.9795,978.0,979.5,1.5,0.1533,0x2d09f4a36f91aee3561c9af8fcbce20a70e413522fafb17f4da78292574ed381,83614321841159096135040791418518099875423512143337322094638511683405554934715,will-bryce-eldridge-win-the-2026-nl-rookie-of-the-year-award
30,ndb1,0xfea31bc088000ff909be1dfd8d0e3f2c7ef2d227,"Will Bitcoin reach $150,000 by December 31, 2026?",No,689.59,0.95,0.9745,655.1105,672.0054,16.8949,2.5789,0xa7b594ae07d5c1590fa86028fcc2f8705990437237416556c05837a08b2e1cda,51483905306465811734319720696244063650497726569976526242005911027664652328096,will-bitcoin-reach-150000-by-december-31-2026-557-246-971
30,ndb1,0xfea31bc088000ff909be1dfd8d0e3f2c7ef2d227,Will Matt Olson hit the most home runs during the 2026 MLB regular season?,No,480.0,0.97,0.9795,465.6,470.16,4.56,0.9793,0x1312f6f59fefc7dc86133ca7f4ad4266eb5039b5bedc88be1dbc7e2c6c4f026c,108972550033844168361617534885119424258956758175905942615063919279901969123233,will-matt-olson-hit-the-most-home-runs-during-the-2026-mlb-regular-season
30,ndb1,0xfea31bc088000ff909be1dfd8d0e3f2c7ef2d227,MLB: Scorigami in 2026?,No,501.7027,0.85,0.8835,426.4548,443.2543,16.7994,3.9393,0xdba407e4d00e67b63d25923eb01a1043bedc5bb92387f840d4e3d17dd6f293c3,106385481546145658276592855058909276806436718848384972493303303174160961171673,mlb-scorigami-in-2026
30,ndb1,0xfea31bc088000ff909be1dfd8d0e3f2c7ef2d227,Will Taylor Ward lead the MLB in RBIs for the 2026 regular season?,No,375.1455,0.9757,0.9915,366.037,371.9568,5.9197,1.6172,0x174b1224d4226b0c0c6d0ffcb8c12421d70e9b948378ff031180e5bd5b5821f3,74232575471467449122473850329746744045023944912033962266182677368464016556765,will-taylor-ward-lead-the-mlb-in-rbis-for-the-2026-regular-season
30,ndb1,0xfea31bc088000ff909be1dfd8d0e3f2c7ef2d227,KBO: LG Twins vs. NC Dinos,LG Twins,585.99,0.5,0.505,292.995,295.9249,2.9298,0.9999,0x9ba67df80d30089545d01dc7b5d393c44d9a8569a39e6e1b57a6164d22bdeb32,74976443312161872685034435340784481928085151264349676805333732469233089502708,kbo-lg-nc-2026-04-09
30,ndb1,0xfea31bc088000ff909be1dfd8d0e3f2c7ef2d227,Tampa Bay Rays vs. New York Yankees: O/U 7.5,Over,528.0689,0.4192,0.5,221.3776,264.0344,42.6567,19.2687,0x164d9a78208197db1c558b999bdd904e63bb97c74399278251fbf84e74adbae3,1461057317592343164338295251397898816142478862117082489826803807309606021149,mlb-tb-nyy-2026-05-23-total-7pt5
30,ndb1,0xfea31bc088000ff909be1dfd8d0e3f2c7ef2d227,KBO: Samsung Lions vs. Kia Tigers,Samsung Lions,413.8624,0.5006,0.515,207.1807,213.1391,5.9583,2.8758,0xf6638b8162abc0a42875c54c43776eec738d1799889dd30be4a52f6fd29cf1aa,97439509830350502609195656386890720506605068961430239049231407323395177370538,kbo-sam-kia-2026-04-09
30,ndb1,0xfea31bc088000ff909be1dfd8d0e3f2c7ef2d227,KBO: LG Twins vs. Samsung Lions,Samsung Lions,430.1081,0.4725,0.485,203.2566,208.6024,5.3457,2.63,0x90ccd5a711854279acb4bfea911c0ef952c54d1d32e7db793047ff11d017295e,5453055127928413664776272888393424837129102193312225175994504522471149136031,kbo-lg-sam-2026-04-17
30,ndb1,0xfea31bc088000ff909be1dfd8d0e3f2c7ef2d227,Will Jacob Misiorowski win the 2026 NL Cy Young Award?,Yes,279.1867,0.1923,0.613,53.7119,171.1414,117.4294,218.6282,0xefbdaf213a482fcf7d32f78a4a0965f8e41ab8bf2211a3d0a2d72ee33b894aaf,66981824490355253107658765364948133674760554595527925133391176033237477823971,will-jacob-misiorowski-win-the-2026-nl-cy-young-award
30,ndb1,0xfea31bc088000ff909be1dfd8d0e3f2c7ef2d227,Will New York Yankees win the 2026 AL East title?,Yes,200.0,0.56,0.5649,112.0,112.98,0.9799,0.8749,0x69820b6f34e5099f75efbfcec5b2ca098ee07980dfe52631c5231b85bbfd5555,38049453049386194653075828729123575957569658990468467623644068316739511915080,will-new-york-yankees-win-the-2026-al-east-title
30,ndb1,0xfea31bc088000ff909be1dfd8d0e3f2c7ef2d227,KBO: Hanwha Eagles vs. Lotte Giants,Hanwha Eagles,194.4677,0.52,0.523,101.1232,101.7066,0.5833,0.5768,0xf1eeb99016f4fdd68b1a61320910a71443c51aaa996a73d8cc182718b751fa25,110386678838740406343639115867405979834068188990239719268747569321239587202156,kbo-han-lot-2026-04-17
32,LaBradfordSmith22,0x9495425feeb0c250accb89275c97587011b19a27,St. Louis Cardinals vs. Cincinnati Reds: O/U 9.5,Over,17337.3266,0.52,0.6,9015.4098,10402.3959,1386.986,15.3846,0x75abb5b9b5ef0ed3f468be0b91559f2a413b750b4a7a1744151ae229df97eded,72942578635637295286280177071516972867944052831904179086725845657790752506061,mlb-stl-cin-2026-05-24-total-9pt5
37,0x2a2C53bD278c04DA9962Fcf96490E17F3DfB9Bc1-1772479215461,0x2a2c53bd278c04da9962fcf96490e17f3dfb9bc1,Will Wes Streeting be the next Prime Minister of the United Kingdom in 2026?,No,6319.05,0.88,0.9995,5560.764,6315.8904,755.1264,13.5795,0x0de4c5e098c5101f7cce39d11dd3294873381b78c2794b6c6aea3142117f03a1,44307889234130932930858382978336600446477425865846911922926947607191769332811,will-wes-streeting-be-the-next-prime-minister-of-the-united-kingdom-in-2026-137
38,jtwyslljy,0x9cb990f1862568a63d8601efeebe0304225c32f2,Iasi Open: Mayar Sherif vs Paula Badosa,Mayar Sherif,12000.0,0.38,0.355,4560.0,4260.0,-300.0,-6.5789,0xcfdbf84515096ab58349adfdf7cc61cd8febf5fd42030f48286f92d2f46a6437,8324558822550589420279597612770037873272482670297057944695843684959546272150,wta-sherif-badosa-2026-07-19
49,geniusMC,0x0b9cae2b0dfe7a71c413e0604eaac1c352f87e44,"Will Bitcoin reach $250,000 by December 31, 2026?",No,62935.3274,0.9372,0.985,58986.3244,61991.2975,3004.973,5.0943,0x6fefc0438c7598b23531457c8c60541990d0786bd4bd9dfc3eabc8d95c291092,68320692409850091190490975441025843632582876963922128660910974326175304515755,will-bitcoin-reach-250000-by-december-31-2026-579-442
